Input file,Event Number,Species Code,Call,Start time,End time,Median Peak Frequency (kHz),Median ICI (ms),Median Duration (us),Median Center Frequency (kHz),Click Count,Comments
Antarc01EI,jst_bw001,BW37,Clicks,3/8/2014 16:41:28,3/8/2014 16:47:41,,,,,,
Antarc01EI,jst_bw002,BW29,Clicks,3/9/2014 12:57:19,3/9/2014 13:09:47,,,,,,
Antarc01EI,jst_bw003,BW37,Clicks,3/9/2014 15:19:05,3/9/2014 15:38:59,,,,,,
Antarc01EI,jst_bw004,BW37,Clicks,3/10/2014 4:57:07,3/10/2014 4:58:22,,,,,,
Antarc01EI,jst_bw005,BW37,Clicks,3/12/2014 21:00:05,3/12/2014 21:01:20,,,,,,
Antarc01EI,jst_bw006,BW29,Clicks,3/14/2014 13:04:34,3/14/2014 13:05:49,,,,,,
Antarc01EI,jst_bw007,BW29,Clicks,3/14/2014 13:07:04,3/14/2014 13:09:32,,,,,,
Antarc01EI,jst_bw008,BW29,Clicks,3/15/2014 7:50:57,3/15/2014 7:54:40,,,,,,
Antarc01EI,jst_bw009,BW29,Clicks,3/15/2014 7:55:55,3/15/2014 8:02:08,,,,,,
Antarc01EI,jst_bw010,BW37,Clicks,3/17/2014 8:56:16,3/17/2014 8:57:31,,,,,,
Antarc01EI,jst_bw011,BW37,Clicks,3/19/2014 2:12:58,3/19/2014 2:14:13,,,,,,
Antarc01EI,jst_bw012,BW37,Clicks,3/19/2014 2:15:26,3/19/2014 2:16:41,,,,,,
Antarc01EI,jst_bw013,BW58,Clicks,3/19/2014 6:48:58,3/19/2014 6:53:58,,,,,,
Antarc01EI,jst_bw014,BW58,Clicks,3/19/2014 6:55:11,3/19/2014 6:56:26,,,,,,
Antarc01EI,jst_bw015,BW58,Clicks,3/19/2014 7:00:09,3/19/2014 7:01:24,,,,,,
Antarc01EI,jst_bw016,BW37,Clicks,3/19/2014 10:47:42,3/19/2014 10:48:57,,,,,,
Antarc01EI,jst_bw017,BW37,Clicks,3/19/2014 10:53:55,3/19/2014 10:55:10,,,,,,
Antarc01EI,jst_bw018,BW37,Clicks,3/19/2014 16:56:57,3/19/2014 16:58:12,,,,,,
Antarc01EI,jst_bw019,BW37,Clicks,3/21/2014 6:02:31,3/21/2014 6:03:46,,,,,,
Antarc01EI,jst_bw020,BW37,Clicks,3/21/2014 6:05:01,3/21/2014 6:06:16,,,,,,
Antarc01EI,jst_bw021,BW37,Clicks,3/22/2014 23:37:54,3/22/2014 23:41:39,,,,,,
Antarc01EI,jst_bw022,BW37,Clicks,3/22/2014 23:42:52,3/22/2014 23:44:07,,,,,,
byteswapped,Abartlett,Oo,Clicks,3/24/2014 19:56:38,3/24/2014 20:11:56,,,,,,
byteswapped,Abartlett,Oo,Clicks,3/24/2014 20:41:15,3/24/2014 20:46:16,,,,,,
byteswapped,Abartlett,Oo,Clicks,3/24/2014 21:09:26,3/24/2014 21:20:34,,,,,,
byteswapped,Abartlett,Oo,Clicks,3/24/2014 21:48:23,3/24/2014 21:48:26,,,,,,
Antarc01EI,jst_bw023,BW29,Clicks,3/25/2014 23:17:20,3/25/2014 23:18:35,,,,,,
Antarc01EI,jst_bw024,BW29,Clicks,3/25/2014 23:21:05,3/25/2014 23:22:20,,,,,,
Antarc01EI,jst_bw025,BW29,Clicks,3/25/2014 23:23:33,3/25/2014 23:31:01,,,,,,
Antarc01EI,jst_bw026,BW29,Clicks,3/27/2014 1:30:09,3/27/2014 1:31:24,,,,,,
Antarc01EI,jst_bw027,BW37,Clicks,3/29/2014 17:44:29,3/29/2014 17:46:59,,,,,,
Antarc01EI,jst_bw028,BW29,Clicks,3/29/2014 19:40:08,3/29/2014 19:43:51,,,,,,
Antarc01EI,jst_bw029,BW29,Clicks,3/29/2014 19:48:49,3/29/2014 20:03:45,,,,,,
Antarc01EI,jst_bw030,BW29,Clicks,3/30/2014 1:29:31,3/30/2014 1:30:46,,,,,,
Antarc01EI,jst_bw031,BW29,Clicks,4/3/2014 16:15:08,4/3/2014 16:16:23,,,,,,
byteswapped,Abartlett,Oo,HFM,4/4/2014 19:13:00,4/4/2014 19:22:00,,,,,,
Antarc01EI,jst_bw032,BW29,Clicks,4/8/2014 15:49:10,4/8/2014 15:50:25,,,,,,
Antarc01EI,jst_bw033,BW29,Clicks,4/8/2014 15:52:53,4/8/2014 15:54:08,,,,,,
Antarc01EI,jst_bw034,BW29,Clicks,4/10/2014 4:43:31,4/10/2014 4:44:46,,,,,,
Antarc01EI,jst_bw035,BW29,Clicks,4/10/2014 4:46:01,4/10/2014 4:58:27,,,,,,
Antarc01EI,jst_bw036,BW29,Clicks,4/10/2014 4:59:42,4/10/2014 5:00:57,,,,,,
Antarc01EI,jst_bw037,BW29,Clicks,4/10/2014 5:03:25,4/10/2014 5:04:40,,,,,,
Antarc01EI,Nposdaljian,Pm,regular-click,4/13/2014 9:56:32,4/13/2014 9:56:32,,,,,,
byteswapped,Msaddler,Gm,Clicks,4/15/2014 7:47:14,4/15/2014 7:47:25,42.58,59.26,270.00,50.73,22,
byteswapped,Msaddler,Gm,Clicks,4/15/2014 8:20:16,4/15/2014 8:21:36,37.11,47.79,320.00,44.23,129,
byteswapped,Msaddler,Gm,Clicks,4/17/2014 8:35:52,4/17/2014 8:40:56,37.89,52.41,196.00,46.98,582,
Antarc01EI,jst_bw038,BW29,Clicks,4/19/2014 4:26:37,4/19/2014 4:37:50,,,,,,
Antarc01EI,jst_bw039,BW29,Clicks,4/19/2014 4:39:03,4/19/2014 4:41:33,,,,,,
Antarc01EI,jst_bw040,BW37,Clicks,4/19/2014 5:02:42,4/19/2014 5:05:10,,,,,,
Antarc01EI,jst_bw041,BW29,Clicks,4/19/2014 7:09:30,4/19/2014 7:10:45,,,,,,
Antarc01EI,jst_bw042,BW29,Clicks,4/19/2014 14:06:01,4/19/2014 14:07:16,,,,,,
Antarc01EI,jst_bw043,BW29,Clicks,4/19/2014 14:17:12,4/19/2014 14:18:27,,,,,,
Antarc01EI,jst_bw044,BW29,Clicks,4/19/2014 14:19:42,4/19/2014 14:20:57,,,,,,
Antarc01EI,jst_bw045,BW29,Clicks,4/19/2014 17:54:47,4/19/2014 17:56:02,,,,,,
Antarc01EI,jst_bw046,BW29,Clicks,4/19/2014 18:02:15,4/19/2014 18:03:30,,,,,,
Antarc01EI,jst_bw047,BW29,Clicks,4/19/2014 18:06:00,4/19/2014 18:07:15,,,,,,
Antarc01EI,jst_bw048,BW29,Clicks,4/19/2014 18:10:58,4/19/2014 18:12:13,,,,,,
Antarc01EI,jst_bw049,BW29,Clicks,4/20/2014 0:02:49,4/20/2014 0:07:49,,,,,,
Antarc01EI,jst_bw050,BW29,Clicks,4/20/2014 1:38:34,4/20/2014 1:42:17,,,,,,
Antarc01EI,jst_bw051,BW29,Clicks,4/20/2014 2:12:07,4/20/2014 2:13:22,,,,,,
Antarc01EI,jst_bw052,BW29,Clicks,4/20/2014 2:14:37,4/20/2014 2:15:52,,,,,,
Antarc01EI,jst_bw053,BW29,Clicks,4/20/2014 2:55:38,4/20/2014 2:56:53,,,,,,
byteswapped,Msaddler,Gm,Clicks,4/20/2014 9:31:28,4/20/2014 9:31:33,37.11,66.69,350.00,41.37,9,
Antarc01EI,jst_bw054,BW29,Clicks,4/20/2014 14:33:09,4/20/2014 14:34:24,,,,,,
Antarc01EI,jst_bw055,BW29,Clicks,4/20/2014 14:45:35,4/20/2014 14:48:05,,,,,,
Antarc01EI,jst_bw056,BW29,Clicks,4/20/2014 14:49:20,4/20/2014 14:50:35,,,,,,
Antarc01EI,jst_bw057,BW29,Clicks,4/20/2014 14:51:48,4/20/2014 14:53:03,,,,,,
Antarc01EI,jst_bw058,BW29,Clicks,4/20/2014 22:50:29,4/20/2014 22:51:44,,,,,,
Antarc01EI,jst_bw059,BW29,Clicks,4/20/2014 22:55:27,4/20/2014 22:59:12,,,,,,
Antarc01EI,jst_bw060,BW29,Clicks,4/20/2014 23:01:40,4/20/2014 23:02:55,,,,,,
Antarc01EI,jst_bw061,BW29,Clicks,4/21/2014 1:06:00,4/21/2014 1:13:28,,,,,,
Antarc01EI,jst_bw062,BW29,Clicks,4/21/2014 1:17:13,4/21/2014 1:19:41,,,,,,
Antarc01EI,jst_bw063,BW29,Clicks,4/21/2014 19:58:41,4/21/2014 19:59:56,,,,,,
Antarc01EI,jst_bw064,BW29,Clicks,4/21/2014 22:26:38,4/21/2014 22:27:53,,,,,,
Antarc01EI,jst_bw065,BW29,Clicks,4/21/2014 22:58:58,4/21/2014 23:00:13,,,,,,
Antarc01EI,jst_bw066,BW29,Clicks,4/21/2014 23:02:43,4/21/2014 23:05:11,,,,,,
Antarc01EI,jst_bw067,BW29,Clicks,4/21/2014 23:07:41,4/21/2014 23:12:39,,,,,,
Antarc01EI,jst_bw068,BW29,Clicks,4/22/2014 0:52:07,4/22/2014 0:54:37,,,,,,
Antarc01EI,jst_bw069,BW29,Clicks,4/22/2014 0:55:50,4/22/2014 0:58:20,,,,,,
Antarc01EI,jst_bw070,BW29,Clicks,4/22/2014 1:00:50,4/22/2014 1:03:18,,,,,,
Antarc01EI,jst_bw071,BW29,Clicks,4/22/2014 1:04:33,4/22/2014 1:07:03,,,,,,
Antarc01EI,jst_bw072,BW29,Clicks,4/22/2014 5:53:01,4/22/2014 5:54:16,,,,,,
Antarc01EI,jst_bw073,BW29,Clicks,4/22/2014 6:06:40,4/22/2014 6:14:08,,,,,,
Antarc01EI,jst_bw074,BW29,Clicks,4/22/2014 6:15:23,4/22/2014 6:16:38,,,,,,
Antarc01EI,jst_bw075,BW29,Clicks,4/22/2014 6:17:53,4/22/2014 6:21:36,,,,,,
Antarc01EI,jst_bw076,BW29,Clicks,4/22/2014 6:25:19,4/22/2014 6:26:34,,,,,,
Antarc01EI,jst_bw077,BW29,Clicks,4/22/2014 6:32:47,4/22/2014 6:50:13,,,,,,
Antarc01EI,jst_bw078,BW29,Clicks,4/22/2014 7:02:37,4/22/2014 7:03:52,,,,,,
Antarc01EI,jst_bw079,BW29,Clicks,4/22/2014 7:05:07,4/22/2014 7:06:22,,,,,,
Antarc01EI,jst_bw080,BW29,Clicks,4/22/2014 7:07:37,4/22/2014 7:13:50,,,,,,
Antarc01EI,jst_bw081,BW29,Clicks,4/22/2014 7:15:03,4/22/2014 7:17:33,,,,,,
Antarc01EI,jst_bw082,BW29,Clicks,4/22/2014 7:20:03,4/22/2014 7:22:31,,,,,,
Antarc01EI,jst_bw083,BW29,Clicks,4/22/2014 7:33:42,4/22/2014 7:36:12,,,,,,
Antarc01EI,jst_bw084,BW29,Clicks,4/22/2014 7:46:08,4/22/2014 7:47:23,,,,,,
Antarc01EI,jst_bw085,BW29,Clicks,4/22/2014 7:58:34,4/22/2014 7:59:49,,,,,,
Antarc01EI,jst_bw086,BW29,Clicks,4/23/2014 2:30:08,4/23/2014 2:45:02,,,,,,
Antarc01EI,jst_bw087,BW29,Clicks,4/23/2014 4:33:13,4/23/2014 4:34:28,,,,,,
Antarc01EI,Nposdaljian,Pm,regular-click,4/23/2014 5:58:57,4/23/2014 6:06:05,,,,,,
Antarc01EI,jst_bw088,BW29,Clicks,4/23/2014 6:02:43,4/23/2014 6:03:58,,,,,,
Antarc01EI,jst_bw089,BW29,Clicks,4/23/2014 6:05:13,4/23/2014 6:07:43,,,,,,
Antarc01EI,jst_bw090,BW29,Clicks,4/23/2014 6:08:56,4/23/2014 6:11:26,,,,,,
Antarc01EI,jst_bw091,BW29,Clicks,4/23/2014 6:51:14,4/23/2014 6:52:29,,,,,,
Antarc01EI,jst_bw092,BW29,Clicks,4/23/2014 6:57:27,4/23/2014 6:59:55,,,,,,
Antarc01EI,jst_bw093,BW29,Clicks,4/23/2014 9:12:58,4/23/2014 9:16:41,,,,,,
Antarc01EI,jst_bw094,BW29,Clicks,4/23/2014 9:17:56,4/23/2014 9:19:11,,,,,,
Antarc01EI,jst_bw095,BW29,Clicks,4/23/2014 9:20:26,4/23/2014 9:24:09,,,,,,
Antarc01EI,jst_bw096,BW29,Clicks,4/23/2014 9:25:24,4/23/2014 9:46:33,,,,,,
Antarc01EI,jst_bw097,BW29,Clicks,4/23/2014 9:47:46,4/23/2014 9:49:01,,,,,,
Antarc01EI,jst_bw098,BW29,Clicks,4/23/2014 10:30:02,4/23/2014 10:31:17,,,,,,
Antarc01EI,jst_bw099,BW29,Clicks,4/23/2014 10:35:02,4/23/2014 10:36:17,,,,,,
Antarc01EI,jst_bw100,BW29,Clicks,4/23/2014 10:40:00,4/23/2014 10:44:58,,,,,,
Antarc01EI,jst_bw101,BW29,Clicks,4/23/2014 10:46:13,4/23/2014 11:17:18,,,,,,
Antarc01EI,Nposdaljian,Pm,regular-click,4/23/2014 11:17:31,4/23/2014 11:40:47,,,,,,
Antarc01EI,jst_bw102,BW29,Clicks,4/23/2014 12:07:02,4/23/2014 12:08:17,,,,,,
Antarc01EI,Nposdaljian,Pm,regular-click,4/23/2014 12:08:36,4/23/2014 12:15:01,,,,,,
Antarc01EI,jst_bw103,BW29,Clicks,4/23/2014 12:15:43,4/23/2014 12:16:58,,,,,,
Antarc01EI,Nposdaljian,Pm,regular-click,4/23/2014 15:16:57,4/23/2014 15:46:47,,,,,,
Antarc01EI,Nposdaljian,Pm,regular-click,4/23/2014 16:11:00,4/23/2014 16:25:37,,,,,,
Antarc01EI,jst_bw104,BW29,Clicks,4/23/2014 21:45:10,4/23/2014 21:46:25,,,,,,
Antarc01EI,Nposdaljian,Pm,regular-click,4/23/2014 23:50:16,4/24/2014 0:01:29,,,,,,
Antarc01EI,Nposdaljian,Pm,regular-click,4/24/2014 1:26:01,4/24/2014 1:26:21,,,,,,
Antarc01EI,jst_bw105,BW29,Clicks,4/24/2014 1:47:37,4/24/2014 1:48:52,,,,,,
Antarc01EI,jst_bw106,BW29,Clicks,4/24/2014 1:50:05,4/24/2014 1:51:20,,,,,,
Antarc01EI,jst_bw107,BW29,Clicks,4/24/2014 1:52:35,4/24/2014 1:53:50,,,,,,
Antarc01EI,jst_bw108,BW29,Clicks,4/24/2014 1:56:18,4/24/2014 2:02:33,,,,,,
Antarc01EI,jst_bw109,BW29,Clicks,4/24/2014 2:32:23,4/24/2014 2:57:15,,,,,,
Antarc01EI,Nposdaljian,Pm,regular-click,4/24/2014 3:57:58,4/24/2014 3:57:58,,,,,,
Antarc01EI,jst_bw110,BW29,Clicks,4/24/2014 11:20:48,4/24/2014 11:22:03,,,,,,
Antarc01EI,jst_bw111,BW29,Clicks,4/24/2014 11:28:14,4/24/2014 11:29:29,,,,,,
Antarc01EI,jst_bw112,BW29,Clicks,4/24/2014 11:34:27,4/24/2014 11:35:42,,,,,,
Antarc01EI,jst_bw113,BW37,Clicks,4/24/2014 14:09:52,4/24/2014 14:11:07,,,,,,
Antarc01EI,jst_bw114,BW29,Clicks,4/24/2014 15:24:28,4/24/2014 15:25:43,,,,,,
Antarc01EI,Nposdaljian,Pm,regular-click,4/24/2014 15:27:28,4/24/2014 15:28:04,,,,,,
Antarc01EI,Nposdaljian,Pm,regular-click,4/24/2014 15:56:22,4/24/2014 16:06:19,,,,,,
Antarc01EI,Nposdaljian,Pm,regular-click,4/24/2014 16:38:22,4/24/2014 16:46:35,,,,,,
Antarc01EI,Nposdaljian,Pm,regular-click,4/24/2014 17:24:51,4/24/2014 17:40:33,,,,,,
Antarc01EI,Nposdaljian,Pm,regular-click,4/24/2014 19:13:10,4/24/2014 19:13:12,,,,,,
Antarc01EI,Nposdaljian,Pm,regular-click,4/25/2014 3:30:23,4/25/2014 3:38:55,,,,,,
Antarc01EI,Nposdaljian,Pm,regular-click,4/25/2014 4:00:50,4/25/2014 4:24:22,,,,,,
Antarc01EI,Nposdaljian,Pm,regular-click,4/25/2014 4:46:56,4/25/2014 5:05:26,,,,,,
Antarc01EI,Nposdaljian,Pm,regular-click,4/25/2014 5:22:46,4/25/2014 5:49:19,,,,,,
Antarc01EI,Nposdaljian,Pm,regular-click,4/25/2014 6:07:48,4/25/2014 6:23:46,,,,,,
Antarc01EI,Nposdaljian,Pm,regular-click,4/25/2014 6:54:27,4/25/2014 8:13:26,,,,,,
Antarc01EI,Nposdaljian,Pm,regular-click,4/25/2014 8:31:47,4/25/2014 8:53:50,,,,,,
Antarc01EI,Nposdaljian,Pm,regular-click,4/25/2014 9:17:08,4/25/2014 9:27:27,,,,,,
Antarc01EI,Nposdaljian,Pm,regular-click,4/26/2014 19:34:43,4/26/2014 20:06:41,,,,,,
Antarc01EI,Nposdaljian,Pm,regular-click,4/26/2014 20:25:56,4/26/2014 20:56:52,,,,,,
Antarc01EI,Nposdaljian,Pm,regular-click,4/26/2014 21:12:24,4/26/2014 22:27:21,,,,,,
Antarc01EI,Nposdaljian,Pm,regular-click,4/26/2014 22:45:12,4/26/2014 23:47:21,,,,,,
Antarc01EI,Nposdaljian,Pm,regular-click,4/27/2014 20:02:43,4/27/2014 21:01:57,,,,,,
Antarc01EI,Nposdaljian,Pm,regular-click,4/27/2014 21:20:31,4/27/2014 21:33:19,,,,,,
Antarc01EI,Nposdaljian,Pm,regular-click,4/27/2014 22:12:42,4/27/2014 22:27:16,,,,,,
Antarc01EI,Nposdaljian,Pm,regular-click,4/27/2014 22:49:27,4/27/2014 22:56:14,,,,,,
Antarc01EI,Nposdaljian,Pm,regular-click,4/27/2014 23:19:02,4/27/2014 23:37:58,,,,,,
Antarc01EI,Nposdaljian,Pm,regular-click,4/27/2014 23:55:42,4/27/2014 23:56:05,,,,,,
Antarc01EI,Nposdaljian,Pm,regular-click,4/28/2014 0:30:04,4/28/2014 1:02:19,,,,,,
Antarc01EI,Nposdaljian,Pm,regular-click,4/28/2014 1:18:32,4/28/2014 1:50:19,,,,,,
Antarc01EI,Nposdaljian,Pm,regular-click,4/28/2014 2:05:58,4/28/2014 3:17:04,,,,,,
Antarc01EI,Nposdaljian,Pm,regular-click,4/28/2014 3:38:55,4/28/2014 3:56:04,,,,,,
Antarc01EI,Nposdaljian,Pm,regular-click,4/28/2014 4:16:53,4/28/2014 4:27:22,,,,,,
Antarc01EI,Nposdaljian,Pm,regular-click,4/28/2014 4:46:20,4/28/2014 4:55:00,,,,,,
Antarc01EI,Nposdaljian,Pm,regular-click,4/28/2014 5:41:17,4/28/2014 7:03:28,,,,,,
Antarc01EI,jst_bw115,BW29,Clicks,4/28/2014 5:45:27,4/28/2014 5:46:42,,,,,,
Antarc01EI,Nposdaljian,Pm,regular-click,4/28/2014 7:18:33,4/28/2014 10:05:20,,,,,,
Antarc01EI,Nposdaljian,Pm,regular-click,4/28/2014 10:36:58,4/28/2014 11:30:34,,,,,,
Antarc01EI,Nposdaljian,Pm,regular-click,4/28/2014 11:45:46,4/28/2014 13:56:49,,,,,,
Antarc01EI,Nposdaljian,Pm,regular-click,4/28/2014 14:17:15,4/28/2014 14:26:27,,,,,,
Antarc01EI,Nposdaljian,Pm,regular-click,4/28/2014 14:48:06,4/28/2014 15:02:42,,,,,,
Antarc01EI,Nposdaljian,Pm,regular-click,4/28/2014 15:17:55,4/28/2014 15:35:29,,,,,,
Antarc01EI,Nposdaljian,Pm,regular-click,4/28/2014 15:59:28,4/28/2014 16:08:57,,,,,,
Antarc01EI,Nposdaljian,Pm,regular-click,4/28/2014 17:16:33,4/28/2014 17:34:00,,,,,,
Antarc01EI,Nposdaljian,Pm,regular-click,4/28/2014 18:49:49,4/28/2014 21:46:18,,,,,,
Antarc01EI,Nposdaljian,Pm,regular-click,4/28/2014 22:05:25,4/28/2014 22:24:25,,,,,,
Antarc01EI,Nposdaljian,Pm,regular-click,4/28/2014 22:40:17,4/28/2014 23:00:08,,,,,,
Antarc01EI,Nposdaljian,Pm,regular-click,4/28/2014 23:17:21,4/28/2014 23:53:40,,,,,,
Antarc01EI,Nposdaljian,Pm,regular-click,4/29/2014 0:16:47,4/29/2014 0:16:47,,,,,,
Antarc01EI,jst_bw116,BW29,Clicks,4/29/2014 2:25:04,4/29/2014 2:26:19,,,,,,
Antarc01EI,Nposdaljian,Pm,regular-click,4/29/2014 2:53:27,4/29/2014 2:53:40,,,,,,
Antarc01EI,Nposdaljian,Pm,regular-click,4/29/2014 3:19:32,4/29/2014 5:13:10,,,,,,
Antarc01EI,Nposdaljian,Pm,regular-click,4/29/2014 5:28:55,4/29/2014 7:21:58,,,,,,
Antarc01EI,Nposdaljian,Pm,regular-click,4/29/2014 7:39:15,4/29/2014 7:54:49,,,,,,
Antarc01EI,Nposdaljian,Pm,regular-click,4/30/2014 8:57:37,4/30/2014 8:57:59,,,,,,
Antarc01EI,Nposdaljian,Pm,regular-click,4/30/2014 9:16:27,4/30/2014 9:18:02,,,,,,
Antarc01EI,Nposdaljian,Pm,regular-click,4/30/2014 9:47:45,4/30/2014 10:10:24,,,,,,
Antarc01EI,Nposdaljian,Pm,regular-click,4/30/2014 10:30:56,4/30/2014 10:38:04,,,,,,
Antarc01EI,Nposdaljian,Pm,regular-click,4/30/2014 10:53:08,4/30/2014 10:53:25,,,,,,
Antarc01EI,Nposdaljian,Pm,regular-click,4/30/2014 11:08:53,4/30/2014 11:13:36,,,,,,
Antarc01EI,Nposdaljian,Pm,regular-click,4/30/2014 15:51:48,4/30/2014 15:52:26,,,,,,
Antarc01EI,Nposdaljian,Pm,regular-click,4/30/2014 19:05:00,4/30/2014 19:10:18,,,,,,
Antarc01EI,Nposdaljian,Pm,regular-click,4/30/2014 20:11:49,4/30/2014 20:31:30,,,,,,
Antarc01EI,Nposdaljian,Pm,regular-click,4/30/2014 21:38:07,4/30/2014 22:37:24,,,,,,
Antarc01EI,Nposdaljian,Pm,regular-click,4/30/2014 22:54:11,4/30/2014 23:03:25,,,,,,
Antarc01EI,Nposdaljian,Pm,regular-click,4/30/2014 23:20:05,5/1/2014 0:05:10,,,,,,
Antarc01EI,Nposdaljian,Pm,slow-click,5/1/2014 0:16:35,5/1/2014 0:37:13,,,,,,
Antarc01EI,Nposdaljian,Pm,regular-click,5/1/2014 0:38:20,5/1/2014 0:42:15,,,,,,
Antarc01EI,Nposdaljian,Pm,regular-click,5/1/2014 0:58:33,5/1/2014 1:02:04,,,,,,
Antarc01EI,Nposdaljian,Pm,regular-click,5/1/2014 1:17:17,5/1/2014 1:26:40,,,,,,
Antarc01EI,Nposdaljian,Pm,regular-click,5/1/2014 11:49:20,5/1/2014 14:04:53,,,,,,
Antarc01EI,Nposdaljian,Pm,regular-click,5/1/2014 14:33:58,5/1/2014 14:55:59,,,,,,
Antarc01EI,Nposdaljian,Pm,regular-click,5/1/2014 15:15:47,5/1/2014 15:48:41,,,,,,
Antarc01EI,jst_bw117,BW29,Clicks,5/1/2014 16:12:38,5/1/2014 16:21:21,,,,,,
Antarc01EI,jst_bw118,BW29,Clicks,5/1/2014 16:22:34,5/1/2014 16:32:32,,,,,,
Antarc01EI,jst_bw119,BW29,Clicks,5/1/2014 16:35:00,5/1/2014 16:36:15,,,,,,
Antarc01EI,jst_bw120,BW29,Clicks,5/1/2014 16:40:00,5/1/2014 16:41:15,,,,,,
Antarc01EI,Nposdaljian,Pm,regular-click,5/1/2014 16:52:18,5/1/2014 17:09:28,,,,,,
Antarc01EI,Nposdaljian,Pm,regular-click,5/2/2014 3:47:53,5/2/2014 3:48:02,,,,,,
Antarc01EI,Nposdaljian,Pm,regular-click,5/2/2014 4:07:00,5/2/2014 4:25:13,,,,,,
Antarc01EI,Nposdaljian,Pm,regular-click,5/2/2014 4:45:36,5/2/2014 6:27:25,,,,,,
Antarc01EI,Nposdaljian,Pm,regular-click,5/2/2014 6:44:26,5/2/2014 7:03:58,,,,,,
Antarc01EI,Nposdaljian,Pm,regular-click,5/2/2014 7:27:05,5/2/2014 7:47:04,,,,,,
Antarc01EI,Nposdaljian,Pm,regular-click,5/2/2014 8:04:38,5/2/2014 10:13:47,,,,,,
Antarc01EI,Nposdaljian,Pm,regular-click,5/2/2014 10:31:07,5/2/2014 11:59:14,,,,,,
Antarc01EI,Nposdaljian,Pm,regular-click,5/2/2014 12:15:36,5/2/2014 13:23:19,,,,,,
Antarc01EI,Nposdaljian,Pm,regular-click,5/2/2014 13:41:40,5/2/2014 14:22:56,,,,,,
Antarc01EI,Nposdaljian,Pm,regular-click,5/2/2014 14:44:02,5/2/2014 16:37:43,,,,,,
Antarc01EI,Nposdaljian,Pm,regular-click,5/2/2014 17:05:34,5/2/2014 17:10:17,,,,,,
Antarc01EI,Nposdaljian,Pm,regular-click,5/2/2014 17:28:08,5/2/2014 17:28:08,,,,,,
Antarc01EI,Nposdaljian,Pm,regular-click,5/2/2014 19:29:43,5/2/2014 19:48:42,,,,,,
Antarc01EI,Nposdaljian,Pm,regular-click,5/2/2014 20:08:53,5/2/2014 22:41:26,,,,,,
Antarc01EI,Nposdaljian,Pm,regular-click,5/2/2014 23:01:30,5/2/2014 23:15:53,,,,,,
Antarc01EI,Nposdaljian,Pm,regular-click,5/2/2014 23:40:33,5/3/2014 3:03:48,,,,,,
Antarc01EI,Nposdaljian,Pm,slow-click,5/3/2014 4:11:24,5/3/2014 4:15:18,,,,,,
Antarc01EI,Nposdaljian,Pm,regular-click,5/3/2014 4:15:39,5/3/2014 4:41:58,,,,,,
Antarc01EI,Nposdaljian,Pm,regular-click,5/3/2014 5:04:24,5/3/2014 5:07:49,,,,,,
Antarc01EI,Nposdaljian,Pm,regular-click,5/3/2014 5:28:53,5/3/2014 8:43:58,,,,,,
Antarc01EI,Nposdaljian,Pm,regular-click,5/3/2014 9:00:09,5/3/2014 9:17:13,,,,,,
Antarc01EI,Nposdaljian,Pm,regular-click,5/3/2014 9:34:22,5/3/2014 12:15:24,,,,,,
Antarc01EI,Nposdaljian,Pm,regular-click,5/3/2014 12:36:24,5/3/2014 14:33:14,,,,,,
Antarc01EI,jst_bw121,BW29,Clicks,5/3/2014 14:26:31,5/3/2014 14:29:01,,,,,,
Antarc01EI,jst_bw122,BW29,Clicks,5/3/2014 14:31:29,5/3/2014 14:35:14,,,,,,
Antarc01EI,Nposdaljian,Pm,regular-click,5/3/2014 14:59:34,5/3/2014 17:40:57,,,,,,
Antarc01EI,Nposdaljian,Pm,regular-click,5/3/2014 23:41:25,5/3/2014 23:47:55,,,,,,
Antarc01EI,Nposdaljian,Pm,regular-click,5/4/2014 0:04:20,5/4/2014 2:21:05,,,,,,
Antarc01EI,Nposdaljian,Pm,regular-click,5/4/2014 2:44:13,5/4/2014 12:30:34,,,,,,
Antarc01EI,Nposdaljian,Pm,regular-click,5/4/2014 20:24:43,5/4/2014 20:43:55,,,,,,
Antarc01EI,Nposdaljian,Pm,regular-click,5/4/2014 21:05:00,5/4/2014 21:53:49,,,,,,
Antarc01EI,Nposdaljian,Pm,regular-click,5/4/2014 22:13:43,5/4/2014 22:31:28,,,,,,
Antarc01EI,Nposdaljian,Pm,regular-click,5/4/2014 23:00:02,5/4/2014 23:22:57,,,,,,
Antarc01EI,Nposdaljian,Pm,regular-click,5/4/2014 23:51:29,5/4/2014 23:51:31,,,,,,
Antarc01EI,Nposdaljian,Pm,regular-click,5/5/2014 0:56:32,5/5/2014 2:30:08,,,,,,
Antarc01EI,Nposdaljian,Pm,slow-click,5/5/2014 2:30:21,5/5/2014 2:35:23,,,,,,
Antarc01EI,Nposdaljian,Pm,regular-click,5/5/2014 2:48:48,5/5/2014 3:17:23,,,,,,
Antarc01EI,Nposdaljian,Pm,regular-click,5/5/2014 3:42:30,5/5/2014 3:42:30,,,,,,
Antarc01EI,Nposdaljian,Pm,regular-click,5/5/2014 4:55:52,5/5/2014 5:02:30,,,,,,
Antarc01EI,Nposdaljian,Pm,regular-click,5/5/2014 5:23:19,5/5/2014 5:32:24,,,,,,
byteswapped,Msaddler,Gm,Clicks,5/5/2014 5:41:25,5/5/2014 5:45:03,37.11,68.57,295.00,43.17,387,
Antarc01EI,Nposdaljian,Pm,regular-click,5/5/2014 5:50:02,5/5/2014 10:44:38,,,,,,
Antarc01EI,Nposdaljian,Pm,regular-click,5/5/2014 11:01:36,5/5/2014 11:21:32,,,,,,
Antarc01EI,Nposdaljian,Pm,regular-click,5/5/2014 12:21:59,5/5/2014 12:21:59,,,,,,
Antarc01EI,Nposdaljian,Pm,regular-click,5/5/2014 13:28:46,5/5/2014 18:33:57,,,,,,
Antarc01EI,Nposdaljian,Pm,regular-click,5/5/2014 18:56:46,5/5/2014 22:09:33,,,,,,
Antarc01EI,Nposdaljian,Pm,regular-click,5/6/2014 14:13:11,5/6/2014 14:32:08,,,,,,
Antarc01EI,Nposdaljian,Pm,regular-click,5/6/2014 14:51:21,5/6/2014 15:14:00,,,,,,
Antarc01EI,Nposdaljian,Pm,regular-click,5/6/2014 15:40:00,5/6/2014 15:55:58,,,,,,
Antarc01EI,Nposdaljian,Pm,regular-click,5/6/2014 16:12:27,5/6/2014 18:52:59,,,,,,
Antarc01EI,Nposdaljian,Pm,slow-click,5/6/2014 19:16:26,5/6/2014 19:38:51,,,,,,
Antarc01EI,Nposdaljian,Pm,regular-click,5/6/2014 19:20:07,5/6/2014 19:36:37,,,,,,
Antarc01EI,Nposdaljian,Pm,regular-click,5/6/2014 20:56:55,5/6/2014 20:57:00,,,,,,
Antarc01EI,Nposdaljian,Pm,regular-click,5/6/2014 21:15:48,5/6/2014 21:23:25,,,,,,
Antarc01EI,Nposdaljian,Pm,regular-click,5/6/2014 22:50:28,5/6/2014 23:04:38,,,,,,
Antarc01EI,Nposdaljian,Pm,regular-click,5/6/2014 23:26:54,5/7/2014 2:52:19,,,,,,
Antarc01EI,Nposdaljian,Pm,regular-click,5/7/2014 3:08:13,5/7/2014 3:13:39,,,,,,
Antarc01EI,Nposdaljian,Pm,regular-click,5/7/2014 3:29:34,5/7/2014 3:54:35,,,,,,
Antarc01EI,Nposdaljian,Pm,regular-click,5/7/2014 4:19:36,5/7/2014 4:20:26,,,,,,
Antarc01EI,Nposdaljian,Pm,regular-click,5/7/2014 6:03:33,5/7/2014 6:07:45,,,,,,
Antarc01EI,Nposdaljian,Pm,regular-click,5/7/2014 6:27:09,5/7/2014 7:24:28,,,,,,
Antarc01EI,Nposdaljian,Pm,regular-click,5/7/2014 7:44:25,5/7/2014 8:06:56,,,,,,
Antarc01EI,Nposdaljian,Pm,regular-click,5/7/2014 15:58:08,5/7/2014 16:15:26,,,,,,
Antarc01EI,Nposdaljian,Pm,regular-click,5/7/2014 16:35:09,5/7/2014 16:38:44,,,,,,
Antarc01EI,Nposdaljian,Pm,regular-click,5/7/2014 16:54:01,5/7/2014 16:56:29,,,,,,
Antarc01EI,Nposdaljian,Pm,regular-click,5/7/2014 17:17:09,5/7/2014 20:23:05,,,,,,
Antarc01EI,jst_bw123,BW37,Clicks,5/8/2014 0:09:59,5/8/2014 0:11:14,,,,,,
byteswapped,Msaddler,Gm,Clicks,5/8/2014 3:10:24,5/8/2014 3:23:43,36.33,56.62,315.00,43.74,1735,
Antarc01EI,Nposdaljian,Pm,regular-click,5/8/2014 11:38:13,5/8/2014 11:57:17,,,,,,
Antarc01EI,jst_bw125,BW37,Clicks,5/9/2014 6:27:44,5/9/2014 6:28:59,,,,,,
Antarc01EI,Nposdaljian,Pm,regular-click,5/9/2014 6:50:47,5/9/2014 6:50:51,,,,,,
Antarc01EI,Nposdaljian,Pm,regular-click,5/9/2014 7:26:08,5/9/2014 7:49:23,,,,,,
Antarc01EI,jst_bw126,BW37,Clicks,5/9/2014 7:29:54,5/9/2014 7:31:09,,,,,,
Antarc01EI,jst_bw127,BW37,Clicks,5/9/2014 15:39:46,5/9/2014 15:43:31,,,,,,
Antarc01EI,jst_bw128,BW37,Clicks,5/9/2014 21:08:00,5/9/2014 21:15:28,,,,,,
Antarc01EI,Nposdaljian,Pm,regular-click,5/9/2014 22:57:10,5/9/2014 23:27:28,,,,,,
Antarc01EI,Nposdaljian,Pm,regular-click,5/9/2014 23:50:38,5/10/2014 1:00:33,,,,,,
Antarc01EI,Nposdaljian,Pm,regular-click,5/10/2014 1:17:39,5/10/2014 1:42:51,,,,,,
Antarc01EI,Nposdaljian,Pm,regular-click,5/10/2014 1:58:19,5/10/2014 2:47:15,,,,,,
Antarc01EI,Nposdaljian,Pm,regular-click,5/10/2014 3:02:55,5/10/2014 3:13:58,,,,,,
Antarc01EI,Nposdaljian,Pm,regular-click,5/10/2014 3:31:41,5/10/2014 6:19:34,,,,,,
Antarc01EI,Nposdaljian,Pm,regular-click,5/10/2014 6:40:39,5/10/2014 6:53:25,,,,,,
Antarc01EI,Nposdaljian,Pm,regular-click,5/10/2014 19:00:45,5/11/2014 1:35:32,,,,,,
Antarc01EI,Nposdaljian,Pm,regular-click,5/11/2014 1:51:28,5/11/2014 2:06:45,,,,,,
Antarc01EI,Nposdaljian,Pm,regular-click,5/11/2014 2:27:45,5/11/2014 2:42:53,,,,,,
Antarc01EI,Nposdaljian,Pm,regular-click,5/11/2014 3:38:08,5/11/2014 3:40:18,,,,,,
Antarc01EI,Nposdaljian,Pm,regular-click,5/11/2014 4:14:32,5/11/2014 4:24:13,,,,,,
Antarc01EI,Nposdaljian,Pm,regular-click,5/11/2014 4:45:58,5/11/2014 4:48:13,,,,,,
Antarc01EI,jst_bw129,BW37,Clicks,5/11/2014 5:27:36,5/11/2014 5:31:21,,,,,,
Antarc01EI,jst_bw130,BW37,Clicks,5/11/2014 5:33:49,5/11/2014 5:35:04,,,,,,
Antarc01EI,jst_bw131,BW37,Clicks,5/11/2014 11:16:59,5/11/2014 11:26:57,,,,,,
Antarc01EI,Nposdaljian,Pm,regular-click,5/11/2014 19:16:23,5/11/2014 20:15:03,,,,,,
Antarc01EI,Nposdaljian,Pm,regular-click,5/11/2014 21:19:34,5/12/2014 1:39:03,,,,,,
Antarc01EI,Nposdaljian,Pm,regular-click,5/12/2014 1:56:04,5/12/2014 2:01:21,,,,,,
Antarc01EI,Nposdaljian,Pm,regular-click,5/12/2014 4:13:04,5/12/2014 4:16:16,,,,,,
Antarc01EI,Nposdaljian,Pm,regular-click,5/12/2014 4:40:30,5/12/2014 4:59:10,,,,,,
Antarc01EI,Nposdaljian,Pm,regular-click,5/12/2014 5:57:27,5/12/2014 5:58:01,,,,,,
Antarc01EI,Nposdaljian,Pm,regular-click,5/12/2014 6:55:15,5/12/2014 7:05:24,,,,,,
byteswapped,Msaddler,Gm,Clicks,5/12/2014 8:23:24,5/12/2014 8:24:13,33.59,52.84,140.00,41.16,117,
Antarc01EI,Nposdaljian,Pm,regular-click,5/12/2014 8:51:30,5/12/2014 8:51:32,,,,,,
Antarc01EI,Nposdaljian,Pm,regular-click,5/12/2014 9:08:33,5/12/2014 9:14:27,,,,,,
Antarc01EI,Nposdaljian,Pm,regular-click,5/12/2014 9:59:27,5/12/2014 10:26:39,,,,,,
Antarc01EI,Nposdaljian,Pm,regular-click,5/12/2014 11:16:05,5/12/2014 13:08:16,,,,,,
Antarc01EI,Nposdaljian,Pm,regular-click,5/12/2014 13:27:04,5/12/2014 14:00:43,,,,,,
Antarc01EI,Nposdaljian,Pm,regular-click,5/12/2014 14:17:20,5/12/2014 14:38:30,,,,,,
Antarc01EI,Nposdaljian,Pm,regular-click,5/12/2014 15:40:08,5/12/2014 15:40:13,,,,,,
Antarc01EI,Nposdaljian,Pm,regular-click,5/12/2014 16:00:03,5/12/2014 16:01:08,,,,,,
Antarc01EI,jst_bw132,BW37,Clicks,5/12/2014 20:40:00,5/12/2014 20:51:11,,,,,,
Antarc01EI,jst_bw133,BW37,Clicks,5/13/2014 4:46:09,5/13/2014 4:52:22,,,,,,
Antarc01EI,jst_bw134,BW37,Clicks,5/13/2014 6:45:31,5/13/2014 6:49:14,,,,,,
Antarc01EI,jst_bw135,BW37,Clicks,5/13/2014 6:50:29,5/13/2014 6:54:12,,,,,,
Antarc01EI,Nposdaljian,Pm,regular-click,5/13/2014 13:33:33,5/13/2014 13:33:39,,,,,,
Antarc01EI,jst_bw136,BW37,Clicks,5/13/2014 14:47:55,5/13/2014 14:51:40,,,,,,
Antarc01EI,jst_bw137,BW37,Clicks,5/13/2014 14:54:08,5/13/2014 14:55:23,,,,,,
Antarc01EI,Nposdaljian,Pm,regular-click,5/13/2014 17:49:41,5/13/2014 17:56:04,,,,,,
Antarc01EI,Nposdaljian,Pm,regular-click,5/13/2014 19:08:21,5/13/2014 19:23:18,,,,,,
Antarc01EI,Nposdaljian,Pm,regular-click,5/13/2014 19:49:41,5/13/2014 20:47:35,,,,,,
Antarc01EI,Nposdaljian,Pm,regular-click,5/13/2014 21:14:32,5/13/2014 22:45:04,,,,,,
Antarc01EI,Nposdaljian,Pm,slow-click,5/13/2014 22:50:59,5/13/2014 23:06:02,,,,,,
Antarc01EI,Nposdaljian,Pm,slow-click,5/13/2014 23:29:50,5/13/2014 23:41:38,,,,,,
Antarc01EI,Nposdaljian,Pm,regular-click,5/14/2014 0:18:48,5/14/2014 0:31:31,,,,,,
Antarc01EI,Nposdaljian,Pm,regular-click,5/14/2014 1:07:59,5/14/2014 1:07:59,,,,,,
Antarc01EI,jst_bw138,BW37,Clicks,5/14/2014 3:03:59,5/14/2014 3:05:14,,,,,,
Antarc01EI,Nposdaljian,Pm,regular-click,5/14/2014 5:43:50,5/14/2014 5:57:19,,,,,,
Antarc01EI,Nposdaljian,Pm,regular-click,5/14/2014 6:19:00,5/14/2014 6:37:31,,,,,,
Antarc01EI,Nposdaljian,Pm,regular-click,5/14/2014 7:00:24,5/14/2014 7:59:07,,,,,,
Antarc01EI,Nposdaljian,Pm,regular-click,5/14/2014 8:27:49,5/14/2014 9:09:21,,,,,,
Antarc01EI,Nposdaljian,Pm,regular-click,5/14/2014 9:43:27,5/14/2014 9:59:30,,,,,,
Antarc01EI,Nposdaljian,Pm,regular-click,5/14/2014 10:19:44,5/14/2014 13:04:31,,,,,,
Antarc01EI,Nposdaljian,Pm,regular-click,5/14/2014 13:21:13,5/14/2014 15:31:14,,,,,,
Antarc01EI,Nposdaljian,Pm,regular-click,5/14/2014 16:35:39,5/14/2014 16:45:50,,,,,,
Antarc01EI,Nposdaljian,Pm,regular-click,5/14/2014 17:05:18,5/14/2014 17:10:39,,,,,,
Antarc01EI,Nposdaljian,Pm,regular-click,5/14/2014 17:33:43,5/14/2014 17:33:46,,,,,,
Antarc01EI,Nposdaljian,Pm,regular-click,5/14/2014 19:14:01,5/14/2014 21:37:19,,,,,,
Antarc01EI,Nposdaljian,Pm,regular-click,5/14/2014 21:54:35,5/14/2014 22:08:32,,,,,,
Antarc01EI,Nposdaljian,Pm,regular-click,5/15/2014 2:04:39,5/15/2014 3:14:26,,,,,,
Antarc01EI,Nposdaljian,Pm,regular-click,5/15/2014 3:32:47,5/15/2014 3:53:23,,,,,,
Antarc01EI,Nposdaljian,Pm,regular-click,5/15/2014 4:11:43,5/15/2014 4:20:12,,,,,,
Antarc01EI,Nposdaljian,Pm,regular-click,5/15/2014 5:08:02,5/15/2014 5:28:00,,,,,,
Antarc01EI,Nposdaljian,Pm,regular-click,5/15/2014 5:46:57,5/15/2014 7:03:07,,,,,,
Antarc01EI,Nposdaljian,Pm,regular-click,5/15/2014 7:21:09,5/15/2014 8:17:42,,,,,,
Antarc01EI,Nposdaljian,Pm,regular-click,5/15/2014 8:35:24,5/15/2014 9:00:58,,,,,,
Antarc01EI,Nposdaljian,Pm,regular-click,5/15/2014 9:18:13,5/15/2014 9:21:04,,,,,,
Antarc01EI,jst_bw139,BW37,Clicks,5/15/2014 13:29:07,5/15/2014 13:35:22,,,,,,
Antarc01EI,Nposdaljian,Pm,regular-click,5/16/2014 1:44:29,5/16/2014 1:57:15,,,,,,
Antarc01EI,Nposdaljian,Pm,slow-click,5/16/2014 3:01:18,5/16/2014 3:12:06,,,,,,
Antarc01EI,jst_bw140,BW37,Clicks,5/16/2014 5:11:35,5/16/2014 5:16:33,,,,,,
byteswapped,Abartlett,Oo,HFM,5/16/2014 13:38:00,5/16/2014 14:05:00,,,,,,
byteswapped,Abartlett,Oo,Clicks,5/16/2014 13:56:01,5/16/2014 14:09:02,,,,,,
Antarc01EI,Nposdaljian,Pm,regular-click,5/16/2014 19:42:36,5/16/2014 20:35:57,,,,,,
Antarc01EI,Nposdaljian,Pm,regular-click,5/16/2014 21:02:18,5/16/2014 21:21:49,,,,,,
Antarc01EI,Nposdaljian,Pm,regular-click,5/16/2014 21:43:00,5/16/2014 21:43:01,,,,,,
Antarc01EI,Nposdaljian,Pm,regular-click,5/16/2014 22:09:55,5/16/2014 22:11:27,,,,,,
Antarc01EI,Nposdaljian,Pm,regular-click,5/16/2014 22:30:28,5/16/2014 22:31:19,,,,,,
Antarc01EI,Nposdaljian,Pm,regular-click,5/16/2014 22:46:55,5/16/2014 22:53:17,,,,,,
Antarc01EI,Nposdaljian,Pm,regular-click,5/16/2014 23:14:06,5/17/2014 0:53:52,,,,,,
Antarc01EI,Nposdaljian,Pm,regular-click,5/17/2014 1:11:11,5/17/2014 4:29:22,,,,,,
Antarc01EI,jst_bw141,BW29,Clicks,5/17/2014 10:09:45,5/17/2014 10:12:15,,,,,,
Antarc01EI,Nposdaljian,Pm,regular-click,5/17/2014 16:55:03,5/17/2014 16:55:21,,,,,,
Antarc01EI,Nposdaljian,Pm,regular-click,5/17/2014 17:14:17,5/17/2014 17:19:24,,,,,,
Antarc01EI,Nposdaljian,Pm,regular-click,5/17/2014 22:08:44,5/17/2014 22:11:59,,,,,,
Antarc01EI,Nposdaljian,Pm,regular-click,5/18/2014 22:57:14,5/18/2014 22:58:15,,,,,,
Antarc01EI,Nposdaljian,Pm,regular-click,5/18/2014 23:37:42,5/18/2014 23:38:05,,,,,,
Antarc01EI,Nposdaljian,Pm,regular-click,5/19/2014 0:17:45,5/19/2014 2:01:19,,,,,,
Antarc01EI,Nposdaljian,Pm,regular-click,5/19/2014 2:23:38,5/19/2014 2:43:36,,,,,,
Antarc01EI,Nposdaljian,Pm,regular-click,5/19/2014 3:13:07,5/19/2014 3:27:37,,,,,,
Antarc01EI,Nposdaljian,Pm,regular-click,5/19/2014 3:43:27,5/19/2014 3:43:27,,,,,,
byteswapped,Msaddler,Gm,Clicks,5/19/2014 5:08:26,5/19/2014 5:21:46,37.89,67.86,255.00,44.01,1685,
Antarc01EI,jst_bw142,BW37,Clicks,5/19/2014 10:37:54,5/19/2014 10:40:24,,,,,,
Antarc01EI,jst_bw143,BW29,Clicks,5/19/2014 12:11:09,5/19/2014 12:16:09,,,,,,
Antarc01EI,jst_bw144,BW29,Clicks,5/19/2014 12:17:22,5/19/2014 12:18:37,,,,,,
Antarc01EI,jst_bw145,BW29,Clicks,5/19/2014 12:19:52,5/19/2014 12:36:02,,,,,,
byteswapped,Msaddler,Gm,Clicks,5/20/2014 3:17:55,5/20/2014 3:28:26,37.50,62.95,260.00,45.22,2852,
byteswapped,Msaddler,Gm,Clicks,5/20/2014 8:08:56,5/20/2014 8:10:48,39.06,69.85,300.00,46.18,253,
Antarc01EI,Nposdaljian,Pm,regular-click,5/20/2014 19:06:25,5/20/2014 19:25:56,,,,,,
Antarc01EI,Nposdaljian,Pm,regular-click,5/20/2014 19:53:47,5/20/2014 22:00:29,,,,,,
Antarc01EI,Nposdaljian,Pm,regular-click,5/20/2014 22:23:51,5/20/2014 22:23:53,,,,,,
Antarc01EI,Nposdaljian,Pm,regular-click,5/20/2014 22:47:31,5/20/2014 22:53:01,,,,,,
Antarc01EI,Nposdaljian,Pm,regular-click,5/20/2014 23:36:31,5/20/2014 23:36:50,,,,,,
Antarc01EI,Nposdaljian,Pm,regular-click,5/21/2014 11:33:23,5/21/2014 11:34:41,,,,,,
Antarc01EI,Nposdaljian,Pm,regular-click,5/21/2014 11:54:13,5/21/2014 11:54:34,,,,,,
Antarc01EI,Nposdaljian,Pm,regular-click,5/21/2014 13:29:35,5/21/2014 13:41:56,,,,,,
Antarc01EI,Nposdaljian,Pm,regular-click,5/21/2014 15:00:02,5/21/2014 15:08:08,,,,,,
Antarc01EI,Nposdaljian,Pm,regular-click,5/21/2014 15:25:38,5/21/2014 17:01:18,,,,,,
Antarc01EI,Nposdaljian,Pm,regular-click,5/21/2014 17:19:25,5/21/2014 17:50:10,,,,,,
byteswapped,Msaddler,Gm,Clicks,5/21/2014 21:18:23,5/21/2014 21:30:07,35.94,81.85,170.00,45.57,247,
byteswapped,Msaddler,Gm,Clicks,5/21/2014 23:04:06,5/21/2014 23:16:47,37.50,60.84,265.00,44.58,1585,
byteswapped,Msaddler,Gm,Clicks,5/22/2014 2:11:46,5/22/2014 2:54:54,37.11,53.57,205.00,44.51,1798,
Antarc01EI,jst_bw150,BW29,Clicks,5/22/2014 14:22:15,5/22/2014 14:23:30,,,,,,
Antarc01EI,jst_bw151,BW37,Clicks,5/22/2014 20:35:15,5/22/2014 20:37:45,,,,,,
Antarc01EI,Nposdaljian,Pm,regular-click,5/23/2014 15:03:51,5/23/2014 15:21:03,,,,,,
Antarc01EI,Nposdaljian,Pm,regular-click,5/24/2014 13:14:14,5/24/2014 14:12:33,,,,,,
byteswapped,Msaddler,Gm,Clicks,5/24/2014 21:29:03,5/24/2014 21:35:35,36.72,61.25,230.00,46.78,183,
byteswapped,Msaddler,Gm,Clicks,5/25/2014 6:17:09,5/25/2014 6:24:02,34.18,55.76,197.00,41.48,30,
Antarc01EI,Nposdaljian,Pm,regular-click,5/25/2014 6:49:59,5/25/2014 6:50:01,,,,,,
Antarc01EI,Nposdaljian,Pm,regular-click,5/25/2014 7:35:53,5/25/2014 7:36:44,,,,,,
Antarc01EI,jst_bw153,BW37,Clicks,5/25/2014 9:17:00,5/25/2014 9:19:28,,,,,,
Antarc01EI,jst_bw154,BW37,Clicks,5/25/2014 9:20:43,5/25/2014 9:28:11,,,,,,
Antarc01EI,jst_bw155,BW29,Clicks,5/25/2014 11:30:01,5/25/2014 11:31:16,,,,,,
Antarc01EI,Nposdaljian,Pm,slow-click,5/25/2014 11:47:47,5/25/2014 11:59:25,,,,,,
Antarc01EI,Nposdaljian,Pm,regular-click,5/25/2014 14:17:37,5/25/2014 14:19:53,,,,,,
Antarc01EI,Nposdaljian,Pm,regular-click,5/25/2014 14:50:54,5/25/2014 15:02:12,,,,,,
Antarc01EI,Nposdaljian,Pm,regular-click,5/25/2014 15:19:57,5/25/2014 15:20:03,,,,,,
Antarc01EI,Nposdaljian,Pm,regular-click,5/25/2014 15:47:27,5/25/2014 15:47:27,,,,,,
Antarc01EI,Nposdaljian,Pm,regular-click,5/25/2014 16:06:19,5/25/2014 16:06:30,,,,,,
Antarc01EI,Nposdaljian,Pm,regular-click,5/25/2014 16:49:32,5/25/2014 17:03:18,,,,,,
byteswapped,Msaddler,Gm,Clicks,5/26/2014 8:11:01,5/26/2014 8:26:26,37.50,48.22,266.00,44.03,1559,
Antarc01EI,Nposdaljian,Pm,regular-click,5/26/2014 16:19:47,5/26/2014 16:32:39,,,,,,
Antarc01EI,Nposdaljian,Pm,regular-click,5/27/2014 1:43:03,5/27/2014 1:43:21,,,,,,
Antarc01EI,Nposdaljian,Pm,regular-click,5/27/2014 12:54:52,5/27/2014 13:11:35,,,,,,
Antarc01EI,Nposdaljian,Pm,regular-click,5/27/2014 13:29:20,5/27/2014 15:28:42,,,,,,
Antarc01EI,Nposdaljian,Pm,regular-click,5/27/2014 16:08:25,5/27/2014 17:50:39,,,,,,
Antarc01EI,Nposdaljian,Pm,regular-click,5/27/2014 18:17:06,5/27/2014 18:30:21,,,,,,
Antarc01EI,Nposdaljian,Pm,regular-click,5/27/2014 18:48:55,5/27/2014 18:49:05,,,,,,
Antarc01EI,Nposdaljian,Pm,regular-click,5/27/2014 21:27:06,5/27/2014 21:43:39,,,,,,
Antarc01EI,Nposdaljian,Pm,regular-click,5/27/2014 22:02:20,5/27/2014 23:24:07,,,,,,
Antarc01EI,Nposdaljian,Pm,regular-click,5/27/2014 23:39:40,5/27/2014 23:42:25,,,,,,
Antarc01EI,Nposdaljian,Pm,regular-click,5/28/2014 6:07:45,5/28/2014 7:18:31,,,,,,
Antarc01EI,Nposdaljian,Pm,regular-click,5/28/2014 12:21:59,5/28/2014 12:38:02,,,,,,
Antarc01EI,Nposdaljian,Pm,regular-click,5/28/2014 13:36:58,5/28/2014 13:50:24,,,,,,
Antarc01EI,Nposdaljian,Pm,regular-click,5/28/2014 17:07:54,5/28/2014 17:08:04,,,,,,
Antarc01EI,Nposdaljian,Pm,regular-click,5/28/2014 17:34:18,5/28/2014 17:37:44,,,,,,
byteswapped,Msaddler,Gm,Clicks,5/28/2014 20:13:02,5/28/2014 20:27:42,37.89,61.08,285.00,44.40,2575,
Antarc01EI,Nposdaljian,Pm,regular-click,5/28/2014 21:17:47,5/28/2014 21:17:59,,,,,,
Antarc01EI,Nposdaljian,Pm,regular-click,5/28/2014 22:22:19,5/28/2014 22:22:21,,,,,,
Antarc01EI,Nposdaljian,Pm,regular-click,5/29/2014 1:16:34,5/29/2014 1:16:44,,,,,,
Antarc01EI,Nposdaljian,Pm,regular-click,5/29/2014 1:57:35,5/29/2014 2:07:35,,,,,,
Antarc01EI,Nposdaljian,Pm,regular-click,5/29/2014 3:23:12,5/29/2014 3:23:20,,,,,,
Antarc01EI,Nposdaljian,Pm,regular-click,5/29/2014 4:11:55,5/29/2014 4:12:00,,,,,,
Antarc01EI,Nposdaljian,Pm,regular-click,5/29/2014 4:27:26,5/29/2014 5:11:52,,,,,,
Antarc01EI,jst_bw158,BW29,Clicks,5/29/2014 17:37:11,5/29/2014 17:47:07,,,,,,
Antarc01EI,jst_bw159,BW29,Clicks,5/29/2014 17:48:22,5/29/2014 17:54:35,,,,,,
Antarc01EI,jst_bw160,BW29,Clicks,5/29/2014 17:55:50,5/29/2014 17:57:05,,,,,,
Antarc01EI,Nposdaljian,Pm,regular-click,5/29/2014 20:47:07,5/29/2014 20:59:53,,,,,,
Antarc01EI,Nposdaljian,Pm,regular-click,5/29/2014 21:25:54,5/29/2014 21:38:23,,,,,,
Antarc01EI,Nposdaljian,Pm,regular-click,5/29/2014 21:58:31,5/29/2014 22:50:50,,,,,,
Antarc01EI,Nposdaljian,Pm,regular-click,5/30/2014 0:57:04,5/30/2014 1:28:14,,,,,,
Antarc01EI,Nposdaljian,Pm,regular-click,5/30/2014 1:47:30,5/30/2014 1:50:17,,,,,,
Antarc01EI,jst_bw161,BW37,Clicks,5/30/2014 10:49:09,5/30/2014 10:51:37,,,,,,
Antarc01EI,jst_bw162,BW37,Clicks,5/30/2014 10:54:07,5/30/2014 10:57:50,,,,,,
Antarc01EI,Nposdaljian,Pm,regular-click,5/30/2014 12:20:42,5/30/2014 12:52:50,,,,,,
Antarc01EI,Nposdaljian,Pm,regular-click,5/30/2014 13:08:43,5/30/2014 13:15:37,,,,,,
Antarc01EI,Nposdaljian,Pm,regular-click,5/30/2014 20:25:46,5/30/2014 20:39:13,,,,,,
Antarc01EI,Nposdaljian,Pm,regular-click,5/31/2014 0:52:02,5/31/2014 0:58:06,,,,,,
Antarc01EI,Nposdaljian,Pm,slow-click,5/31/2014 2:02:51,5/31/2014 2:41:08,,,,,,
Antarc01EI,Nposdaljian,Pm,slow-click,5/31/2014 3:04:34,5/31/2014 3:04:34,,,,,,
Antarc01EI,jst_bw163,BW37,Clicks,5/31/2014 9:18:10,5/31/2014 9:23:08,,,,,,
Antarc01EI,jst_bw164,BW29,Clicks,5/31/2014 9:30:36,5/31/2014 9:33:04,,,,,,
byteswapped,Abartlett,Oo,HFM,5/31/2014 14:22:00,5/31/2014 16:19:00,,,,,,
Antarc01EI,Nposdaljian,Pm,regular-click,5/31/2014 20:12:40,5/31/2014 20:13:49,,,,,,
Antarc01EI,Nposdaljian,Pm,regular-click,5/31/2014 20:30:02,5/31/2014 21:59:29,,,,,,
Antarc01EI,Nposdaljian,Pm,regular-click,5/31/2014 22:24:13,5/31/2014 22:34:31,,,,,,
Antarc01EI,Nposdaljian,Pm,regular-click,5/31/2014 22:57:01,5/31/2014 23:14:24,,,,,,
Antarc01EI,Nposdaljian,Pm,regular-click,6/1/2014 19:39:57,6/1/2014 20:20:03,,,,,,
Antarc01EI,Nposdaljian,Pm,regular-click,6/1/2014 20:35:55,6/1/2014 20:53:54,,,,,,
Antarc01EI,Nposdaljian,Pm,regular-click,6/1/2014 21:12:37,6/1/2014 21:27:26,,,,,,
Antarc01EI,Nposdaljian,Pm,regular-click,6/1/2014 21:45:04,6/1/2014 21:57:33,,,,,,
Antarc01EI,Nposdaljian,Pm,regular-click,6/2/2014 10:16:24,6/2/2014 10:24:53,,,,,,
Antarc01EI,Nposdaljian,Pm,regular-click,6/2/2014 10:49:41,6/2/2014 10:58:57,,,,,,
Antarc01EI,Nposdaljian,Pm,regular-click,6/2/2014 11:24:15,6/2/2014 13:02:15,,,,,,
Antarc01EI,Nposdaljian,Pm,regular-click,6/2/2014 17:33:48,6/2/2014 17:37:17,,,,,,
Antarc01EI,Nposdaljian,Pm,regular-click,6/2/2014 17:53:02,6/2/2014 18:34:21,,,,,,
Antarc01EI,Nposdaljian,Pm,regular-click,6/2/2014 18:51:47,6/2/2014 19:16:34,,,,,,
Antarc01EI,Nposdaljian,Pm,regular-click,6/2/2014 19:32:25,6/2/2014 19:55:22,,,,,,
Antarc01EI,Nposdaljian,Pm,regular-click,6/2/2014 20:11:13,6/2/2014 20:11:16,,,,,,
Antarc01EI,Nposdaljian,Pm,slow-click,6/2/2014 21:32:27,6/2/2014 21:35:00,,,,,,
Antarc01EI,Nposdaljian,Pm,regular-click,6/2/2014 21:56:42,6/2/2014 22:17:48,,,,,,
Antarc01EI,Nposdaljian,Pm,regular-click,6/2/2014 22:34:13,6/2/2014 22:40:55,,,,,,
Antarc01EI,Nposdaljian,Pm,regular-click,6/2/2014 22:59:17,6/2/2014 23:19:46,,,,,,
Antarc01EI,Nposdaljian,Pm,regular-click,6/2/2014 23:52:45,6/3/2014 1:59:31,,,,,,
Antarc01EI,Nposdaljian,Pm,regular-click,6/3/2014 2:25:26,6/3/2014 2:25:44,,,,,,
Antarc01EI,Nposdaljian,Pm,regular-click,6/3/2014 2:41:27,6/3/2014 3:31:14,,,,,,
Antarc01EI,Nposdaljian,Pm,regular-click,6/3/2014 3:49:55,6/3/2014 4:07:38,,,,,,
Antarc01EI,Nposdaljian,Pm,regular-click,6/3/2014 4:23:46,6/3/2014 4:50:49,,,,,,
Antarc01EI,jst_bw165,BW29,Clicks,6/3/2014 9:44:50,6/3/2014 9:46:05,,,,,,
Antarc01EI,jst_bw166,BW29,Clicks,6/3/2014 9:49:50,6/3/2014 9:51:05,,,,,,
Antarc01EI,jst_bw167,BW29,Clicks,6/3/2014 16:55:02,6/3/2014 16:56:17,,,,,,
Antarc01EI,jst_bw168,BW29,Clicks,6/3/2014 16:58:47,6/3/2014 17:00:02,,,,,,
Antarc01EI,jst_bw169,BW29,Clicks,6/3/2014 17:02:30,6/3/2014 17:05:00,,,,,,
Antarc01EI,Nposdaljian,Pm,regular-click,6/3/2014 21:15:19,6/3/2014 23:42:29,,,,,,
Antarc01EI,Nposdaljian,Pm,regular-click,6/5/2014 0:03:31,6/5/2014 0:37:02,,,,,,
Antarc01EI,Nposdaljian,Pm,slow-click,6/5/2014 0:38:58,6/5/2014 0:39:28,,,,,,
Antarc01EI,Nposdaljian,Pm,slow-click,6/5/2014 0:58:47,6/5/2014 0:58:56,,,,,,
Antarc01EI,Nposdaljian,Pm,regular-click,6/5/2014 1:12:28,6/5/2014 2:30:26,,,,,,
Antarc01EI,Nposdaljian,Pm,regular-click,6/5/2014 2:53:12,6/5/2014 3:32:06,,,,,,
byteswapped,Msaddler,Gm,Clicks,6/5/2014 4:13:50,6/5/2014 4:45:34,37.50,51.12,255.00,44.01,8452,
Antarc01EI,Nposdaljian,Pm,regular-click,6/5/2014 4:57:12,6/5/2014 6:14:09,,,,,,
byteswapped,Msaddler,Gm,Clicks,6/5/2014 5:07:24,6/5/2014 5:10:25,37.11,59.10,230.00,45.50,362,
byteswapped,Msaddler,Gm,Clicks,6/5/2014 6:24:17,6/5/2014 6:33:13,35.35,51.40,168.00,43.33,236,
Antarc01EI,Nposdaljian,Pm,regular-click,6/5/2014 6:29:10,6/5/2014 6:55:55,,,,,,
Antarc01EI,Nposdaljian,Pm,regular-click,6/5/2014 7:24:20,6/5/2014 7:25:52,,,,,,
Antarc01EI,Nposdaljian,Pm,regular-click,6/5/2014 8:57:26,6/5/2014 9:08:01,,,,,,
Antarc01EI,Nposdaljian,Pm,regular-click,6/5/2014 9:25:27,6/5/2014 9:43:28,,,,,,
Antarc01EI,Nposdaljian,Pm,regular-click,6/5/2014 9:59:42,6/5/2014 10:15:50,,,,,,
Antarc01EI,Nposdaljian,Pm,regular-click,6/5/2014 10:41:10,6/5/2014 10:59:02,,,,,,
Antarc01EI,Nposdaljian,Pm,regular-click,6/5/2014 11:15:12,6/5/2014 11:23:54,,,,,,
Antarc01EI,Nposdaljian,Pm,regular-click,6/5/2014 17:32:09,6/5/2014 18:29:03,,,,,,
Antarc01EI,Nposdaljian,Pm,regular-click,6/5/2014 18:51:30,6/5/2014 20:57:01,,,,,,
Antarc01EI,Nposdaljian,Pm,regular-click,6/5/2014 21:44:51,6/5/2014 22:06:10,,,,,,
Antarc01EI,jst_bw170,BW29,Clicks,6/6/2014 17:24:18,6/6/2014 17:25:33,,,,,,
Antarc01EI,Nposdaljian,Pm,regular-click,6/6/2014 19:34:23,6/6/2014 21:06:49,,,,,,
Antarc01EI,Nposdaljian,Pm,regular-click,6/6/2014 21:24:56,6/6/2014 21:25:17,,,,,,
Antarc01EI,Nposdaljian,Pm,regular-click,6/6/2014 22:30:46,6/6/2014 22:30:46,,,,,,
Antarc01EI,Nposdaljian,Pm,slow-click,6/7/2014 0:50:15,6/7/2014 0:54:02,,,,,,
Antarc01EI,Nposdaljian,Pm,slow-click,6/7/2014 1:18:30,6/7/2014 1:37:51,,,,,,
Antarc01EI,jst_bw171,BW37,Clicks,6/7/2014 5:13:00,6/7/2014 5:15:28,,,,,,
Antarc01EI,Nposdaljian,Pm,regular-click,6/7/2014 20:17:13,6/7/2014 20:17:15,,,,,,
Antarc01EI,Nposdaljian,Pm,slow-click,6/7/2014 22:12:10,6/7/2014 22:12:15,,,,,,
Antarc01EI,Nposdaljian,Pm,regular-click,6/7/2014 22:14:58,6/7/2014 22:15:07,,,,,,
Antarc01EI,Nposdaljian,Pm,regular-click,6/7/2014 22:51:23,6/7/2014 22:52:02,,,,,,
Antarc01EI,Nposdaljian,Pm,regular-click,6/7/2014 23:19:29,6/7/2014 23:33:19,,,,,,
Antarc01EI,Nposdaljian,Pm,regular-click,6/7/2014 23:54:50,6/8/2014 0:15:38,,,,,,
Antarc01EI,Nposdaljian,Pm,regular-click,6/8/2014 2:05:40,6/8/2014 2:05:42,,,,,,
Antarc01EI,Nposdaljian,Pm,regular-click,6/8/2014 3:45:47,6/8/2014 3:45:52,,,,,,
Antarc01EI,jst_bw172,BW29,Clicks,6/9/2014 9:59:50,6/9/2014 10:01:05,,,,,,
Antarc01EI,jst_bw173,BW29,Clicks,6/9/2014 10:34:40,6/9/2014 10:39:38,,,,,,
Antarc01EI,jst_bw174,BW29,Clicks,6/10/2014 14:44:21,6/10/2014 14:56:47,,,,,,
Antarc01EI,jst_bw175,BW29,Clicks,6/10/2014 14:58:02,6/10/2014 15:15:26,,,,,,
Antarc01EI,Nposdaljian,Pm,regular-click,6/10/2014 15:12:54,6/10/2014 15:37:18,,,,,,
Antarc01EI,jst_bw176,BW29,Clicks,6/10/2014 15:16:41,6/10/2014 15:19:09,,,,,,
Antarc01EI,Nposdaljian,Pm,regular-click,6/10/2014 16:00:24,6/10/2014 16:23:42,,,,,,
Antarc01EI,Nposdaljian,Pm,regular-click,6/10/2014 16:52:36,6/10/2014 17:02:22,,,,,,
Antarc01EI,Nposdaljian,Pm,regular-click,6/10/2014 18:17:28,6/10/2014 18:17:31,,,,,,
Antarc01EI,jst_bw177,BW29,Clicks,6/10/2014 19:06:42,6/10/2014 19:09:10,,,,,,
Antarc01EI,jst_bw178,BW29,Clicks,6/10/2014 20:27:31,6/10/2014 20:32:29,,,,,,
Antarc01EI,jst_bw179,BW29,Clicks,6/10/2014 20:38:42,6/10/2014 20:39:57,,,,,,
Antarc01EI,jst_bw180,BW29,Clicks,6/10/2014 20:41:10,6/10/2014 20:42:25,,,,,,
Antarc01EI,jst_bw181,BW29,Clicks,6/10/2014 20:46:10,6/10/2014 21:12:17,,,,,,
Antarc01EI,Nposdaljian,Pm,regular-click,6/10/2014 23:09:10,6/10/2014 23:09:12,,,,,,
Antarc01EI,jst_bw182,BW29,Clicks,6/10/2014 23:42:42,6/10/2014 23:43:57,,,,,,
Antarc01EI,jst_bw183,BW29,Clicks,6/11/2014 0:00:06,6/11/2014 0:11:19,,,,,,
Antarc01EI,jst_bw184,BW29,Clicks,6/11/2014 0:15:02,6/11/2014 0:16:17,,,,,,
Antarc01EI,Nposdaljian,Pm,regular-click,6/11/2014 1:02:31,6/11/2014 1:05:39,,,,,,
Antarc01EI,Nposdaljian,Pm,regular-click,6/11/2014 1:25:49,6/11/2014 1:25:51,,,,,,
Antarc01EI,jst_bw185,BW29,Clicks,6/11/2014 1:58:13,6/11/2014 1:59:28,,,,,,
Antarc01EI,Nposdaljian,Pm,regular-click,6/11/2014 2:09:46,6/11/2014 2:10:13,,,,,,
Antarc01EI,jst_bw186,BW29,Clicks,6/11/2014 2:30:33,6/11/2014 2:31:48,,,,,,
Antarc01EI,jst_bw187,BW29,Clicks,6/11/2014 2:33:03,6/11/2014 2:35:33,,,,,,
Antarc01EI,Nposdaljian,Pm,regular-click,6/11/2014 3:13:28,6/11/2014 3:16:57,,,,,,
Antarc01EI,Nposdaljian,Pm,regular-click,6/11/2014 3:39:50,6/11/2014 3:45:51,,,,,,
Antarc01EI,jst_bw188,BW29,Clicks,6/11/2014 6:42:58,6/11/2014 6:45:26,,,,,,
Antarc01EI,jst_bw189,BW29,Clicks,6/11/2014 6:49:11,6/11/2014 6:54:09,,,,,,
Antarc01EI,jst_bw190,BW29,Clicks,6/11/2014 6:55:24,6/11/2014 6:59:07,,,,,,
Antarc01EI,jst_bw191,BW29,Clicks,6/11/2014 7:01:37,6/11/2014 7:04:05,,,,,,
Antarc01EI,jst_bw192,BW29,Clicks,6/11/2014 7:05:20,6/11/2014 7:07:50,,,,,,
Antarc01EI,jst_bw193,BW29,Clicks,6/11/2014 10:59:04,6/11/2014 11:01:34,,,,,,
Antarc01EI,jst_bw194,BW29,Clicks,6/11/2014 11:02:49,6/11/2014 11:04:04,,,,,,
Antarc01EI,jst_bw195,BW29,Clicks,6/11/2014 11:14:00,6/11/2014 11:15:15,,,,,,
byteswapped,Msaddler,Gm,Clicks,6/11/2014 20:03:35,6/11/2014 20:10:14,37.11,77.88,301.00,44.51,293,
Antarc01EI,Nposdaljian,Pm,regular-click,6/12/2014 3:13:35,6/12/2014 3:13:37,,,,,,
Antarc01EI,Nposdaljian,Pm,regular-click,6/16/2014 6:15:43,6/16/2014 6:15:43,,,,,,
byteswapped,Msaddler,Gm,Clicks,6/17/2014 10:19:24,6/17/2014 10:51:22,36.72,79.81,280.00,43.68,1051,
byteswapped,Msaddler,Gm,Clicks,6/17/2014 21:32:42,6/17/2014 21:47:02,37.50,54.37,230.00,43.76,239,
byteswapped,Msaddler,Gm,Clicks,6/18/2014 1:38:50,6/18/2014 2:05:04,36.72,62.23,215.50,43.95,272,
byteswapped,Msaddler,Gm,Clicks,6/18/2014 11:02:34,6/18/2014 11:04:15,36.52,96.34,215.00,43.57,70,
Antarc01EI,Nposdaljian,Pm,regular-click,6/18/2014 13:17:57,6/18/2014 13:17:57,,,,,,
Antarc01EI,Nposdaljian,Pm,regular-click,6/18/2014 14:14:44,6/18/2014 14:14:44,,,,,,
byteswapped,Msaddler,Gm,Clicks,6/18/2014 21:35:32,6/18/2014 21:36:25,38.28,70.47,209.50,40.02,26,
Antarc01EI,Nposdaljian,Pm,regular-click,6/19/2014 0:13:55,6/19/2014 0:14:04,,,,,,
byteswapped,Msaddler,Gm,Clicks,6/19/2014 2:05:51,6/19/2014 2:16:38,37.11,67.30,275.00,46.28,138,
Antarc01EI,jst_bw203,BW29,Clicks,6/19/2014 4:33:07,6/19/2014 4:34:22,,,,,,
Antarc01EI,jst_bw204,BW29,Clicks,6/19/2014 5:00:29,6/19/2014 5:01:44,,,,,,
Antarc01EI,jst_bw205,BW29,Clicks,6/19/2014 6:49:53,6/19/2014 6:51:08,,,,,,
Antarc01EI,jst_bw206,BW29,Clicks,6/19/2014 6:54:53,6/19/2014 6:56:08,,,,,,
Antarc01EI,jst_bw207,BW29,Clicks,6/19/2014 6:57:21,6/19/2014 7:06:04,,,,,,
byteswapped,Msaddler,Gm,Clicks,6/19/2014 9:44:12,6/19/2014 10:07:18,37.89,76.36,305.00,44.40,2583,
Antarc01EI,jst_bw210,BW29,Clicks,6/19/2014 10:52:20,6/19/2014 10:59:48,,,,,,
Antarc01EI,jst_bw211,BW29,Clicks,6/19/2014 11:01:03,6/19/2014 11:02:18,,,,,,
Antarc01EI,jst_bw212,BW29,Clicks,6/19/2014 11:03:33,6/19/2014 11:04:48,,,,,,
Antarc01EI,jst_bw213,BW29,Clicks,6/19/2014 23:18:20,6/19/2014 23:19:35,,,,,,
Antarc01EI,jst_bw214,BW29,Clicks,6/19/2014 23:20:50,6/19/2014 23:22:05,,,,,,
Antarc01EI,jst_bw215,BW29,Clicks,6/19/2014 23:23:20,6/19/2014 23:24:35,,,,,,
byteswapped,Msaddler,Gm,Clicks,6/20/2014 0:07:24,6/20/2014 0:39:01,37.89,51.89,315.00,43.99,8355,
byteswapped,Msaddler,Gm,Clicks,6/20/2014 0:57:22,6/20/2014 1:03:41,36.33,65.90,220.00,42.52,91,
byteswapped,Msaddler,Gm,Clicks,6/20/2014 2:42:21,6/20/2014 2:50:19,36.72,74.00,240.00,44.19,1385,
byteswapped,Msaddler,Gm,Clicks,6/20/2014 3:07:58,6/20/2014 3:26:48,37.11,63.64,216.00,44.49,733,
Antarc01EI,jst_bw219,BW29,Clicks,6/20/2014 6:22:19,6/20/2014 6:23:34,,,,,,
byteswapped,Msaddler,Gm,Clicks,6/20/2014 9:14:35,6/20/2014 9:21:16,37.89,69.16,321.00,44.27,505,
Antarc01EI,jst_bw221,BW29,Clicks,6/20/2014 19:02:00,6/20/2014 19:03:15,,,,,,
Antarc01EI,jst_bw222,BW29,Clicks,6/20/2014 19:15:41,6/20/2014 19:19:24,,,,,,
Antarc01EI,jst_bw223,BW29,Clicks,6/20/2014 19:20:39,6/20/2014 19:24:24,,,,,,
Antarc01EI,jst_bw224,BW29,Clicks,6/20/2014 19:25:37,6/20/2014 19:39:18,,,,,,
Antarc01EI,jst_bw225,BW29,Clicks,6/20/2014 22:06:00,6/20/2014 22:07:15,,,,,,
Antarc01EI,jst_bw226,BW29,Clicks,6/20/2014 22:09:45,6/20/2014 22:11:00,,,,,,
Antarc01EI,jst_bw227,BW29,Clicks,6/20/2014 22:13:28,6/20/2014 22:22:11,,,,,,
Antarc01EI,jst_bw228,BW29,Clicks,6/20/2014 22:56:59,6/20/2014 22:59:29,,,,,,
Antarc01EI,jst_bw229,BW29,Clicks,6/20/2014 23:00:44,6/20/2014 23:13:10,,,,,,
Antarc01EI,jst_bw230,BW29,Clicks,6/20/2014 23:14:23,6/20/2014 23:16:53,,,,,,
Antarc01EI,jst_bw231,BW29,Clicks,6/20/2014 23:43:00,6/20/2014 23:44:15,,,,,,
Antarc01EI,jst_bw232,BW29,Clicks,6/20/2014 23:50:28,6/20/2014 23:52:56,,,,,,
Antarc01EI,jst_bw233,BW29,Clicks,6/21/2014 0:12:50,6/21/2014 0:14:05,,,,,,
Antarc01EI,jst_bw234,BW29,Clicks,6/21/2014 0:15:20,6/21/2014 0:24:01,,,,,,
Antarc01EI,jst_bw235,BW29,Clicks,6/21/2014 0:48:53,6/21/2014 0:50:08,,,,,,
Antarc01EI,jst_bw236,BW29,Clicks,6/21/2014 0:51:23,6/21/2014 0:52:38,,,,,,
Antarc01EI,jst_bw237,BW29,Clicks,6/21/2014 1:24:56,6/21/2014 1:47:20,,,,,,
Antarc01EI,jst_bw238,BW29,Clicks,6/21/2014 4:48:52,6/21/2014 4:52:35,,,,,,
Antarc01EI,jst_bw239,BW29,Clicks,6/21/2014 4:53:50,6/21/2014 5:14:59,,,,,,
byteswapped,Msaddler,Gm,Clicks,6/21/2014 5:36:56,6/21/2014 5:40:10,36.33,72.09,320.00,42.31,114,
Antarc01EI,jst_bw241,BW29,Clicks,6/21/2014 5:58:28,6/21/2014 6:00:58,,,,,,
Antarc01EI,jst_bw242,BW29,Clicks,6/21/2014 6:03:28,6/21/2014 6:04:43,,,,,,
Antarc01EI,jst_bw243,BW29,Clicks,6/21/2014 6:07:11,6/21/2014 6:15:54,,,,,,
Antarc01EI,jst_bw244,BW29,Clicks,6/21/2014 6:17:07,6/21/2014 6:19:37,,,,,,
Antarc01EI,jst_bw245,BW29,Clicks,6/21/2014 6:46:59,6/21/2014 6:53:12,,,,,,
byteswapped,Msaddler,Gm,Clicks,6/21/2014 6:57:37,6/21/2014 7:25:19,37.11,71.78,235.00,44.80,1288,
Antarc01EI,jst_bw247,BW29,Clicks,6/21/2014 11:14:18,6/21/2014 11:15:33,,,,,,
Antarc01EI,jst_bw248,BW29,Clicks,6/21/2014 19:42:49,6/21/2014 19:44:04,,,,,,
byteswapped,Msaddler,Gm,Clicks,6/21/2014 20:54:14,6/21/2014 21:25:57,37.50,68.49,280.00,43.67,607,
Antarc01EI,Nposdaljian,Pm,regular-click,6/21/2014 21:00:10,6/21/2014 21:00:10,,,,,,
Antarc01EI,jst_bw249,BW29,Clicks,6/21/2014 23:27:52,6/21/2014 23:30:20,,,,,,
byteswapped,Msaddler,Gm,Clicks,6/22/2014 0:49:58,6/22/2014 1:10:03,37.11,69.20,260.50,44.64,146,
Antarc01EI,jst_bw250,BW29,Clicks,6/22/2014 1:20:59,6/22/2014 1:22:14,,,,,,
byteswapped,Msaddler,Gm,Clicks,6/22/2014 7:47:02,6/22/2014 7:56:40,38.67,55.52,315.00,44.37,5888,
Antarc01EI,jst_bw252,BW29,Clicks,6/22/2014 9:13:27,6/22/2014 9:14:42,,,,,,
Antarc01EI,jst_bw253,BW29,Clicks,6/22/2014 12:03:48,6/22/2014 12:05:03,,,,,,
Antarc01EI,jst_bw254,BW29,Clicks,6/22/2014 12:06:18,6/22/2014 12:07:33,,,,,,
Antarc01EI,jst_bw255,BW29,Clicks,6/22/2014 12:18:44,6/22/2014 12:19:59,,,,,,
Antarc01EI,jst_bw256,BW29,Clicks,6/22/2014 15:48:51,6/22/2014 15:50:06,,,,,,
Antarc01EI,jst_bw257,BW29,Clicks,6/22/2014 15:52:34,6/22/2014 15:53:49,,,,,,
Antarc01EI,jst_bw258,BW29,Clicks,6/22/2014 16:38:35,6/22/2014 16:39:50,,,,,,
Antarc01EI,jst_bw259,BW29,Clicks,6/22/2014 16:41:03,6/22/2014 16:42:18,,,,,,
Antarc01EI,jst_bw260,BW29,Clicks,6/22/2014 19:11:30,6/22/2014 19:12:45,,,,,,
Antarc01EI,jst_bw261,BW29,Clicks,6/22/2014 20:38:32,6/22/2014 20:39:47,,,,,,
Antarc01EI,jst_bw262,BW29,Clicks,6/22/2014 20:41:02,6/22/2014 20:44:45,,,,,,
byteswapped,Msaddler,Gm,Clicks,6/23/2014 0:45:25,6/23/2014 0:55:26,36.72,66.75,220.00,43.46,356,
Antarc01EI,jst_bw264,BW29,Clicks,6/23/2014 3:05:13,6/23/2014 3:06:28,,,,,,
Antarc01EI,jst_bw265,BW29,Clicks,6/23/2014 3:08:56,6/23/2014 3:11:26,,,,,,
byteswapped,Msaddler,Gm,Clicks,6/23/2014 5:12:19,6/23/2014 5:51:18,36.33,89.89,265.00,43.09,3808,
Antarc01EI,jst_bw267,BW29,Clicks,6/23/2014 7:27:34,6/23/2014 7:30:04,,,,,,
Antarc01EI,jst_bw268,BW29,Clicks,6/23/2014 7:31:17,6/23/2014 7:32:32,,,,,,
Antarc01EI,jst_bw269,BW29,Clicks,6/23/2014 7:37:30,6/23/2014 7:38:45,,,,,,
Antarc01EI,jst_bw270,BW29,Clicks,6/23/2014 9:13:15,6/23/2014 9:14:30,,,,,,
Antarc01EI,jst_bw271,BW29,Clicks,6/23/2014 10:11:40,6/23/2014 10:12:55,,,,,,
Antarc01EI,jst_bw272,BW29,Clicks,6/23/2014 10:27:51,6/23/2014 10:42:47,,,,,,
Antarc01EI,jst_bw273,BW29,Clicks,6/23/2014 20:34:35,6/23/2014 20:53:14,,,,,,
Antarc01EI,jst_bw274,BW29,Clicks,6/23/2014 22:28:59,6/23/2014 22:46:23,,,,,,
Antarc01EI,jst_bw275,BW29,Clicks,6/23/2014 22:47:38,6/23/2014 22:56:21,,,,,,
Antarc01EI,jst_bw276,BW29,Clicks,6/24/2014 0:02:14,6/24/2014 0:03:29,,,,,,
Antarc01EI,jst_bw277,BW29,Clicks,6/24/2014 0:08:27,6/24/2014 0:10:57,,,,,,
Antarc01EI,jst_bw278,BW29,Clicks,6/24/2014 0:17:08,6/24/2014 0:18:23,,,,,,
Antarc01EI,jst_bw279,BW29,Clicks,6/24/2014 0:24:36,6/24/2014 0:28:21,,,,,,
Antarc01EI,jst_bw280,BW29,Clicks,6/24/2014 0:30:49,6/24/2014 0:58:11,,,,,,
byteswapped,Msaddler,Gm,Clicks,6/24/2014 1:00:09,6/24/2014 1:20:27,35.94,72.52,255.00,43.46,861,
Antarc01EI,jst_bw281,BW29,Clicks,6/24/2014 2:12:47,6/24/2014 2:14:02,,,,,,
byteswapped,Msaddler,Gm,Clicks,6/24/2014 3:53:41,6/24/2014 4:06:17,35.94,86.54,225.00,43.74,1805,
Antarc01EI,jst_bw282,BW29,Clicks,6/24/2014 4:43:14,6/24/2014 4:49:27,,,,,,
Antarc01EI,jst_bw283,BW29,Clicks,6/24/2014 5:26:45,6/24/2014 5:28:00,,,,,,
Antarc01EI,jst_bw284,BW29,Clicks,6/24/2014 5:56:35,6/24/2014 6:01:33,,,,,,
Antarc01EI,jst_bw285,BW29,Clicks,6/24/2014 6:04:03,6/24/2014 6:05:18,,,,,,
Antarc01EI,jst_bw286,BW29,Clicks,6/24/2014 6:06:31,6/24/2014 6:26:25,,,,,,
Antarc01EI,jst_bw287,BW29,Clicks,6/24/2014 7:06:13,6/24/2014 7:07:28,,,,,,
Antarc01EI,jst_bw288,BW29,Clicks,6/24/2014 7:08:41,6/24/2014 7:11:11,,,,,,
Antarc01EI,jst_bw289,BW29,Clicks,6/24/2014 7:12:26,6/24/2014 7:13:41,,,,,,
Antarc01EI,jst_bw290,BW29,Clicks,6/24/2014 7:19:52,6/24/2014 7:21:07,,,,,,
Antarc01EI,jst_bw291,BW29,Clicks,6/24/2014 7:26:05,6/24/2014 7:42:16,,,,,,
Antarc01EI,jst_bw292,BW29,Clicks,6/24/2014 10:11:28,6/24/2014 10:12:43,,,,,,
byteswapped,Msaddler,Gm,Clicks,6/24/2014 10:19:08,6/24/2014 11:04:41,37.50,68.67,285.00,44.61,16259,
byteswapped,Msaddler,Gm,Clicks,6/24/2014 11:21:17,6/24/2014 11:34:39,37.89,66.93,245.00,46.19,2014,
byteswapped,Abartlett,Oo,Clicks,6/24/2014 12:09:32,6/24/2014 12:31:54,,,,,,
Antarc01EI,jst_bw296,BW29,Clicks,6/25/2014 12:46:24,6/25/2014 12:47:39,,,,,,
Antarc01EI,jst_bw297,BW29,Clicks,6/25/2014 12:53:52,6/25/2014 12:55:07,,,,,,
Antarc01EI,jst_bw298,BW29,Clicks,6/25/2014 13:00:04,6/25/2014 13:01:19,,,,,,
Antarc01EI,jst_bw299,BW29,Clicks,6/25/2014 13:02:34,6/25/2014 13:03:49,,,,,,
Antarc01EI,jst_bw300,BW29,Clicks,6/25/2014 13:06:16,6/25/2014 13:07:31,,,,,,
Antarc01EI,jst_bw301,BW29,Clicks,6/25/2014 13:13:43,6/25/2014 13:29:49,,,,,,
Antarc01EI,jst_bw302,BW29,Clicks,6/25/2014 18:22:36,6/25/2014 18:32:33,,,,,,
Antarc01EI,jst_bw303,BW29,Clicks,6/25/2014 18:38:42,6/25/2014 18:39:57,,,,,,
byteswapped,Msaddler,Gm,Clicks,6/25/2014 20:05:06,6/25/2014 20:06:46,36.33,72.48,156.00,44.07,44,
Antarc01EI,jst_bw304,BW29,Clicks,6/25/2014 21:07:33,6/25/2014 21:08:48,,,,,,
Antarc01EI,jst_bw305,BW29,Clicks,6/25/2014 21:24:57,6/25/2014 21:26:12,,,,,,
Antarc01EI,jst_bw306,BW29,Clicks,6/25/2014 21:27:24,6/25/2014 21:28:39,,,,,,
Antarc01EI,jst_bw307,BW29,Clicks,6/25/2014 22:24:32,6/25/2014 22:32:00,,,,,,
Antarc01EI,jst_bw308,BW29,Clicks,6/25/2014 22:33:15,6/25/2014 22:36:58,,,,,,
Antarc01EI,jst_bw309,BW29,Clicks,6/25/2014 22:39:28,6/25/2014 22:46:56,,,,,,
Antarc01EI,jst_bw310,BW29,Clicks,6/25/2014 23:14:16,6/25/2014 23:25:27,,,,,,
Antarc01EI,jst_bw311,BW29,Clicks,6/26/2014 0:05:15,6/26/2014 0:25:09,,,,,,
Antarc01EI,jst_bw312,BW29,Clicks,6/26/2014 1:11:07,6/26/2014 1:12:22,,,,,,
Antarc01EI,jst_bw313,BW29,Clicks,6/26/2014 1:14:52,6/26/2014 1:16:07,,,,,,
Antarc01EI,jst_bw314,BW29,Clicks,6/26/2014 1:17:20,6/26/2014 1:38:29,,,,,,
Antarc01EI,jst_bw315,BW29,Clicks,6/26/2014 1:39:44,6/26/2014 1:42:12,,,,,,
Antarc01EI,jst_bw316,BW29,Clicks,6/26/2014 1:43:27,6/26/2014 1:47:12,,,,,,
Antarc01EI,jst_bw317,BW29,Clicks,6/26/2014 3:56:30,6/26/2014 3:58:58,,,,,,
Antarc01EI,jst_bw318,BW29,Clicks,6/26/2014 4:00:13,6/26/2014 4:01:28,,,,,,
byteswapped,Msaddler,Gm,Clicks,6/26/2014 4:01:04,6/26/2014 4:28:19,37.11,75.32,290.00,43.81,3210,
Antarc01EI,jst_bw320,BW29,Clicks,6/26/2014 6:46:48,6/26/2014 6:48:03,,,,,,
Antarc01EI,jst_bw321,BW29,Clicks,6/26/2014 8:01:23,6/26/2014 8:02:38,,,,,,
Antarc01EI,jst_bw322,BW29,Clicks,6/26/2014 8:16:19,6/26/2014 8:21:17,,,,,,
Antarc01EI,jst_bw323,BW29,Clicks,6/26/2014 10:31:49,6/26/2014 10:40:32,,,,,,
Antarc01EI,jst_bw324,BW29,Clicks,6/26/2014 10:43:00,6/26/2014 10:59:11,,,,,,
Antarc01EI,jst_bw325,BW29,Clicks,6/26/2014 11:00:24,6/26/2014 11:09:07,,,,,,
Antarc01EI,jst_bw326,BW29,Clicks,6/27/2014 0:08:30,6/27/2014 0:09:45,,,,,,
Antarc01EI,jst_bw327,BW29,Clicks,6/27/2014 0:12:13,6/27/2014 0:13:28,,,,,,
Antarc01EI,jst_bw328,BW29,Clicks,6/27/2014 0:27:08,6/27/2014 0:28:23,,,,,,
byteswapped,Msaddler,Gm,Clicks,6/27/2014 3:21:29,6/27/2014 3:43:17,37.11,55.51,241.00,45.20,4957,
Antarc01EI,jst_bw332,BW29,Clicks,6/27/2014 3:49:44,6/27/2014 3:58:27,,,,,,
Antarc01EI,jst_bw333,BW29,Clicks,6/27/2014 3:59:40,6/27/2014 4:04:40,,,,,,
Antarc01EI,jst_bw334,BW29,Clicks,6/27/2014 4:39:28,6/27/2014 4:43:13,,,,,,
Antarc01EI,jst_bw335,BW29,Clicks,6/27/2014 4:45:41,6/27/2014 4:46:56,,,,,,
Antarc01EI,jst_bw336,BW29,Clicks,6/27/2014 4:49:24,6/27/2014 4:59:22,,,,,,
Antarc01EI,Nposdaljian,Pm,regular-click,6/27/2014 5:09:18,6/27/2014 5:21:19,,,,,,
Antarc01EI,Nposdaljian,Pm,regular-click,6/27/2014 5:40:27,6/27/2014 5:44:29,,,,,,
Antarc01EI,Nposdaljian,Pm,regular-click,6/27/2014 6:06:42,6/27/2014 6:12:11,,,,,,
Antarc01EI,Nposdaljian,Pm,regular-click,6/27/2014 6:46:17,6/27/2014 6:56:07,,,,,,
Antarc01EI,Nposdaljian,Pm,regular-click,6/27/2014 7:52:38,6/27/2014 7:52:38,,,,,,
byteswapped,Msaddler,Gm,Clicks,6/27/2014 9:19:26,6/27/2014 10:10:46,36.33,64.33,219.00,44.87,3635,
Antarc01EI,Nposdaljian,Pm,regular-click,6/27/2014 9:46:04,6/27/2014 9:46:30,,,,,,
Antarc01EI,Nposdaljian,Pm,regular-click,6/27/2014 11:05:06,6/27/2014 11:05:06,,,,,,
Antarc01EI,jst_bw337,BW29,Clicks,6/27/2014 16:41:46,6/27/2014 16:43:01,,,,,,
Antarc01EI,jst_bw338,BW29,Clicks,6/27/2014 17:06:37,6/27/2014 17:10:20,,,,,,
Antarc01EI,jst_bw339,BW29,Clicks,6/27/2014 19:56:56,6/27/2014 19:58:11,,,,,,
Antarc01EI,jst_bw340,BW29,Clicks,6/27/2014 20:03:09,6/27/2014 20:05:39,,,,,,
byteswapped,Msaddler,Gm,Clicks,6/28/2014 0:42:51,6/28/2014 0:50:00,37.89,65.85,175.00,46.45,65,
Antarc01EI,jst_bw341,BW29,Clicks,6/28/2014 1:25:05,6/28/2014 1:26:20,,,,,,
Antarc01EI,jst_bw342,BW29,Clicks,6/28/2014 2:49:35,6/28/2014 2:53:20,,,,,,
Antarc01EI,jst_bw343,BW29,Clicks,6/28/2014 2:54:33,6/28/2014 2:57:03,,,,,,
Antarc01EI,jst_bw344,BW29,Clicks,6/28/2014 5:24:59,6/28/2014 5:26:14,,,,,,
Antarc01EI,jst_bw345,BW29,Clicks,6/28/2014 7:08:05,6/28/2014 7:09:20,,,,,,
Antarc01EI,Nposdaljian,Pm,regular-click,6/28/2014 8:52:04,6/28/2014 8:57:28,,,,,,
Antarc01EI,Nposdaljian,Pm,regular-click,6/28/2014 9:19:39,6/28/2014 9:29:21,,,,,,
Antarc01EI,Nposdaljian,Pm,slow-click,6/28/2014 9:30:12,6/28/2014 9:31:45,,,,,,
Antarc01EI,jst_bw346,BW29,Clicks,6/28/2014 9:38:31,6/28/2014 9:41:01,,,,,,
Antarc01EI,Nposdaljian,Pm,regular-click,6/28/2014 9:48:42,6/28/2014 10:21:33,,,,,,
Antarc01EI,Nposdaljian,Pm,regular-click,6/28/2014 10:47:19,6/28/2014 10:57:34,,,,,,
Antarc01EI,jst_bw347,BW29,Clicks,6/29/2014 2:32:57,6/29/2014 2:34:12,,,,,,
Antarc01EI,jst_bw348,BW29,Clicks,6/29/2014 2:36:40,6/29/2014 2:41:40,,,,,,
Antarc01EI,jst_bw350,BW29,Clicks,6/29/2014 2:46:37,6/29/2014 2:51:35,,,,,,
byteswapped,Msaddler,Gm,Clicks,6/29/2014 4:01:18,6/29/2014 4:18:14,NaN,NaN,NaN,NaN,NaN,
Antarc01EI,jst_bw351,BW29,Clicks,6/29/2014 4:31:01,6/29/2014 4:38:29,,,,,,
Antarc01EI,jst_bw352,BW29,Clicks,6/29/2014 4:42:12,6/29/2014 4:49:40,,,,,,
byteswapped,Msaddler,Gm,Clicks,6/29/2014 5:22:12,6/29/2014 5:49:07,36.72,69.97,245.00,46.33,687,
byteswapped,Msaddler,Gm,Clicks,6/29/2014 6:44:16,6/29/2014 7:01:20,37.50,67.15,240.00,45.41,8724,
Antarc01EI,jst_bw355,BW29,Clicks,6/29/2014 8:39:37,6/29/2014 8:43:22,,,,,,
Antarc01EI,jst_bw356,BW29,Clicks,6/29/2014 8:45:50,6/29/2014 8:47:05,,,,,,
Antarc01EI,jst_bw357,BW29,Clicks,6/29/2014 8:55:46,6/29/2014 8:58:16,,,,,,
Antarc01EI,jst_bw358,BW29,Clicks,6/29/2014 9:04:29,6/29/2014 9:18:10,,,,,,
Antarc01EI,jst_bw359,BW29,Clicks,6/29/2014 17:11:44,6/29/2014 17:14:12,,,,,,
Antarc01EI,jst_bw360,BW29,Clicks,6/29/2014 17:17:57,6/29/2014 17:19:12,,,,,,
Antarc01EI,jst_bw361,BW29,Clicks,6/29/2014 17:20:25,6/29/2014 17:41:33,,,,,,
Antarc01EI,jst_bw362,BW29,Clicks,6/29/2014 18:12:38,6/29/2014 18:35:00,,,,,,
Antarc01EI,jst_bw363,BW29,Clicks,6/29/2014 18:36:15,6/29/2014 18:42:28,,,,,,
Antarc01EI,jst_bw364,BW29,Clicks,6/29/2014 19:14:48,6/29/2014 19:18:31,,,,,,
Antarc01EI,jst_bw365,BW29,Clicks,6/29/2014 19:34:42,6/29/2014 19:35:57,,,,,,
Antarc01EI,jst_bw366,BW29,Clicks,6/29/2014 19:59:34,6/29/2014 20:00:49,,,,,,
Antarc01EI,jst_bw367,BW29,Clicks,6/30/2014 3:39:29,6/30/2014 3:40:44,,,,,,
Antarc01EI,jst_bw368,BW29,Clicks,6/30/2014 6:33:30,6/30/2014 6:34:45,,,,,,
Antarc01EI,jst_bw369,BW29,Clicks,6/30/2014 7:50:34,6/30/2014 7:55:34,,,,,,
byteswapped,Msaddler,Gm,Clicks,6/30/2014 11:26:29,6/30/2014 11:37:35,37.11,70.24,195.00,45.26,299,
Antarc01EI,jst_bw370,BW29,Clicks,6/30/2014 16:07:47,6/30/2014 16:09:02,,,,,,
Antarc01EI,jst_bw371,BW29,Clicks,6/30/2014 18:00:54,6/30/2014 18:02:09,,,,,,
Antarc01EI,jst_bw372,BW29,Clicks,6/30/2014 18:03:24,6/30/2014 18:08:22,,,,,,
Antarc01EI,jst_bw373,BW29,Clicks,6/30/2014 18:10:50,6/30/2014 18:14:35,,,,,,
Antarc01EI,jst_bw374,BW29,Clicks,6/30/2014 18:18:18,6/30/2014 18:19:33,,,,,,
Antarc01EI,jst_bw375,BW29,Clicks,6/30/2014 18:20:48,6/30/2014 18:28:16,,,,,,
Antarc01EI,jst_bw376,BW29,Clicks,6/30/2014 18:29:29,6/30/2014 18:35:44,,,,,,
Antarc01EI,jst_bw377,BW29,Clicks,6/30/2014 18:39:27,6/30/2014 19:05:34,,,,,,
Antarc01EI,jst_bw378,BW29,Clicks,6/30/2014 19:14:15,6/30/2014 19:16:45,,,,,,
Antarc01EI,jst_bw379,BW29,Clicks,6/30/2014 20:21:22,6/30/2014 20:22:37,,,,,,
Antarc01EI,jst_bw380,BW29,Clicks,6/30/2014 20:27:35,6/30/2014 20:30:05,,,,,,
Antarc01EI,jst_bw381,BW29,Clicks,6/30/2014 20:32:35,6/30/2014 20:35:03,,,,,,
byteswapped,Msaddler,Gm,Clicks,6/30/2014 21:24:13,6/30/2014 21:28:21,35.94,65.25,225.00,45.00,250,
Antarc01EI,Nposdaljian,Pm,regular-click,6/30/2014 21:26:03,6/30/2014 21:26:03,,,,,,
byteswapped,Msaddler,Gm,Clicks,6/30/2014 23:14:36,6/30/2014 23:15:18,36.33,57.38,219.00,44.24,39,
Antarc01EI,jst_bw382,BW29,Clicks,6/30/2014 23:29:04,6/30/2014 23:35:17,,,,,,
Antarc01EI,jst_bw383,BW29,Clicks,6/30/2014 23:36:32,6/30/2014 23:39:02,,,,,,
byteswapped,Msaddler,Gm,Clicks,6/30/2014 23:37:45,7/1/2014 0:00:08,35.94,95.35,200.00,43.45,1656,
Antarc01EI,jst_bw384,BW29,Clicks,6/30/2014 23:44:00,6/30/2014 23:45:15,,,,,,
Antarc01EI,jst_bw385,BW29,Clicks,7/1/2014 0:47:22,7/1/2014 0:48:37,,,,,,
Antarc01EI,jst_bw386,BW29,Clicks,7/1/2014 0:54:48,7/1/2014 0:56:03,,,,,,
Antarc01EI,jst_bw387,BW29,Clicks,7/1/2014 1:52:00,7/1/2014 1:53:15,,,,,,
Antarc01EI,jst_bw388,BW29,Clicks,7/1/2014 1:59:28,7/1/2014 2:00:43,,,,,,
Antarc01EI,jst_bw389,BW29,Clicks,7/1/2014 2:05:41,7/1/2014 2:08:11,,,,,,
Antarc01EI,jst_bw390,BW29,Clicks,7/1/2014 2:09:24,7/1/2014 2:10:39,,,,,,
Antarc01EI,jst_bw391,BW29,Clicks,7/1/2014 2:13:09,7/1/2014 2:20:37,,,,,,
Antarc01EI,jst_bw392,BW29,Clicks,7/1/2014 2:21:50,7/1/2014 2:25:35,,,,,,
Antarc01EI,jst_bw393,BW29,Clicks,7/1/2014 2:26:50,7/1/2014 2:28:05,,,,,,
Antarc01EI,jst_bw394,BW29,Clicks,7/1/2014 3:28:59,7/1/2014 3:30:14,,,,,,
Antarc01EI,jst_bw395,BW29,Clicks,7/1/2014 3:32:42,7/1/2014 3:36:27,,,,,,
Antarc01EI,jst_bw396,BW29,Clicks,7/1/2014 4:06:17,7/1/2014 4:13:45,,,,,,
Antarc01EI,jst_bw397,BW29,Clicks,7/1/2014 4:28:39,7/1/2014 4:29:54,,,,,,
Antarc01EI,jst_bw398,BW29,Clicks,7/1/2014 4:47:18,7/1/2014 4:48:33,,,,,,
Antarc01EI,jst_bw399,BW29,Clicks,7/1/2014 5:50:41,7/1/2014 5:51:56,,,,,,
Antarc01EI,jst_bw400,BW29,Clicks,7/1/2014 5:53:09,7/1/2014 5:54:24,,,,,,
Antarc01EI,jst_bw401,BW29,Clicks,7/1/2014 6:03:07,7/1/2014 6:04:22,,,,,,
Antarc01EI,jst_bw402,BW29,Clicks,7/1/2014 6:05:35,7/1/2014 6:08:05,,,,,,
Antarc01EI,jst_bw403,BW29,Clicks,7/1/2014 6:09:20,7/1/2014 6:13:03,,,,,,
Antarc01EI,jst_bw404,BW29,Clicks,7/1/2014 6:15:33,7/1/2014 6:18:03,,,,,,
Antarc01EI,jst_bw405,BW29,Clicks,7/1/2014 6:52:51,7/1/2014 6:54:06,,,,,,
Antarc01EI,jst_bw406,BW29,Clicks,7/1/2014 6:56:34,7/1/2014 6:59:04,,,,,,
Antarc01EI,jst_bw407,BW29,Clicks,7/1/2014 7:00:19,7/1/2014 7:10:15,,,,,,
Antarc01EI,jst_bw408,BW29,Clicks,7/1/2014 7:12:45,7/1/2014 7:14:00,,,,,,
Antarc01EI,jst_bw409,BW29,Clicks,7/1/2014 10:26:40,7/1/2014 10:27:55,,,,,,
Antarc01EI,jst_bw410,BW29,Clicks,7/1/2014 10:29:10,7/1/2014 10:30:25,,,,,,
Antarc01EI,jst_bw411,BW29,Clicks,7/1/2014 10:37:53,7/1/2014 10:57:47,,,,,,
Antarc01EI,jst_bw412,BW29,Clicks,7/1/2014 13:25:42,7/1/2014 13:59:13,,,,,,
Antarc01EI,jst_bw413,BW29,Clicks,7/1/2014 19:11:12,7/1/2014 19:12:27,,,,,,
Antarc01EI,jst_bw414,BW29,Clicks,7/1/2014 19:13:42,7/1/2014 19:22:23,,,,,,
Antarc01EI,jst_bw415,BW29,Clicks,7/1/2014 19:23:38,7/1/2014 19:26:08,,,,,,
Antarc01EI,jst_bw416,BW29,Clicks,7/1/2014 19:33:34,7/1/2014 19:36:04,,,,,,
Antarc01EI,jst_bw417,BW29,Clicks,7/1/2014 21:15:31,7/1/2014 21:16:46,,,,,,
Antarc01EI,jst_bw418,BW29,Clicks,7/1/2014 21:21:44,7/1/2014 21:29:12,,,,,,
Antarc01EI,jst_bw419,BW29,Clicks,7/1/2014 21:30:27,7/1/2014 21:32:55,,,,,,
Antarc01EI,jst_bw420,BW29,Clicks,7/1/2014 21:34:10,7/1/2014 21:36:40,,,,,,
Antarc01EI,jst_bw421,BW29,Clicks,7/1/2014 21:37:53,7/1/2014 21:39:08,,,,,,
Antarc01EI,jst_bw422,BW29,Clicks,7/1/2014 21:47:51,7/1/2014 21:50:21,,,,,,
Antarc01EI,jst_bw423,BW29,Clicks,7/1/2014 21:52:49,7/1/2014 21:54:04,,,,,,
Antarc01EI,jst_bw424,BW29,Clicks,7/1/2014 21:57:47,7/1/2014 21:59:02,,,,,,
byteswapped,Msaddler,Gm,Clicks,7/1/2014 22:16:40,7/1/2014 22:21:45,35.94,84.06,204.50,44.32,190,
Antarc01EI,jst_bw425,BW29,Clicks,7/1/2014 22:45:03,7/1/2014 22:46:18,,,,,,
Antarc01EI,jst_bw426,BW29,Clicks,7/1/2014 22:48:46,7/1/2014 22:50:01,,,,,,
Antarc01EI,jst_bw427,BW29,Clicks,7/1/2014 22:51:16,7/1/2014 22:52:31,,,,,,
Antarc01EI,jst_bw428,BW29,Clicks,7/1/2014 22:53:44,7/1/2014 22:56:14,,,,,,
Antarc01EI,jst_bw429,BW29,Clicks,7/1/2014 22:57:29,7/1/2014 22:59:57,,,,,,
Antarc01EI,jst_bw430,BW29,Clicks,7/1/2014 23:32:15,7/1/2014 23:43:26,,,,,,
Antarc01EI,Nposdaljian,Pm,regular-click,7/1/2014 23:52:24,7/2/2014 0:07:24,,,,,,
Antarc01EI,jst_bw431,BW29,Clicks,7/2/2014 0:26:57,7/2/2014 0:30:42,,,,,,
Antarc01EI,Nposdaljian,Pm,regular-click,7/2/2014 0:30:25,7/2/2014 0:32:50,,,,,,
Antarc01EI,jst_bw432,BW29,Clicks,7/2/2014 0:31:55,7/2/2014 0:34:25,,,,,,
Antarc01EI,jst_bw433,BW29,Clicks,7/2/2014 0:56:47,7/2/2014 0:58:02,,,,,,
Antarc01EI,jst_bw434,BW29,Clicks,7/2/2014 0:59:17,7/2/2014 1:11:43,,,,,,
Antarc01EI,Nposdaljian,Pm,regular-click,7/2/2014 1:00:19,7/2/2014 1:20:11,,,,,,
Antarc01EI,jst_bw435,BW29,Clicks,7/2/2014 1:12:58,7/2/2014 1:16:41,,,,,,
Antarc01EI,jst_bw436,BW29,Clicks,7/2/2014 1:21:39,7/2/2014 1:22:54,,,,,,
Antarc01EI,Nposdaljian,Pm,regular-click,7/2/2014 1:39:47,7/2/2014 1:59:39,,,,,,
byteswapped,Msaddler,Gm,Clicks,7/2/2014 1:52:15,7/2/2014 2:18:30,37.89,69.08,225.00,45.17,2923,
Antarc01EI,Nposdaljian,Pm,slow-click,7/2/2014 2:16:21,7/2/2014 2:19:26,,,,,,
Antarc01EI,jst_bw437,BW29,Clicks,7/2/2014 3:03:34,7/2/2014 3:06:04,,,,,,
Antarc01EI,jst_bw438,BW29,Clicks,7/2/2014 3:07:17,7/2/2014 3:09:47,,,,,,
Antarc01EI,jst_bw439,BW29,Clicks,7/2/2014 3:12:17,7/2/2014 3:13:32,,,,,,
byteswapped,Msaddler,Gm,Clicks,7/2/2014 4:21:24,7/2/2014 4:34:16,36.33,85.70,215.00,44.45,1942,
Antarc01EI,Nposdaljian,Pm,regular-click,7/2/2014 7:11:37,7/2/2014 7:25:42,,,,,,
Antarc01EI,jst_bw441,BW29,Clicks,7/2/2014 7:34:36,7/2/2014 7:35:51,,,,,,
Antarc01EI,Nposdaljian,Pm,regular-click,7/2/2014 7:44:50,7/2/2014 7:57:25,,,,,,
Antarc01EI,Nposdaljian,Pm,slow-click,7/2/2014 7:48:04,7/2/2014 7:49:06,,,,,,
Antarc01EI,Nposdaljian,Pm,regular-click,7/2/2014 8:15:30,7/2/2014 8:36:19,,,,,,
Antarc01EI,Nposdaljian,Pm,regular-click,7/2/2014 9:06:59,7/2/2014 9:06:59,,,,,,
Antarc01EI,jst_bw442,BW29,Clicks,7/2/2014 10:46:04,7/2/2014 10:48:32,,,,,,
Antarc01EI,jst_bw443,BW29,Clicks,7/2/2014 10:49:47,7/2/2014 10:51:02,,,,,,
byteswapped,Msaddler,Gm,Clicks,7/2/2014 20:12:31,7/2/2014 20:17:08,36.72,102.08,185.00,45.53,149,
byteswapped,Msaddler,Gm,Clicks,7/2/2014 22:32:24,7/2/2014 22:50:33,37.89,82.16,282.50,44.92,1540,
byteswapped,Msaddler,Gm,Clicks,7/2/2014 23:50:40,7/2/2014 23:52:54,36.72,99.20,180.00,46.43,61,
byteswapped,Msaddler,Gm,Clicks,7/3/2014 0:26:49,7/3/2014 0:52:57,37.50,71.65,260.00,44.44,3582,
byteswapped,Msaddler,Gm,Clicks,7/3/2014 1:29:28,7/3/2014 2:08:18,37.11,97.81,235.00,44.82,3383,
byteswapped,Msaddler,Gm,Clicks,7/3/2014 2:30:37,7/3/2014 2:30:47,38.28,113.49,125.00,48.05,13,
Antarc01EI,jst_bw447,BW29,Clicks,7/3/2014 2:47:02,7/3/2014 2:48:17,,,,,,
Antarc01EI,jst_bw448,BW29,Clicks,7/3/2014 2:54:30,7/3/2014 2:55:45,,,,,,
Antarc01EI,jst_bw449,BW29,Clicks,7/3/2014 4:40:11,7/3/2014 4:42:41,,,,,,
Antarc01EI,jst_bw450,BW29,Clicks,7/3/2014 4:46:24,7/3/2014 4:51:22,,,,,,
Antarc01EI,jst_bw451,BW29,Clicks,7/3/2014 4:53:52,7/3/2014 4:55:07,,,,,,
Antarc01EI,jst_bw452,BW29,Clicks,7/3/2014 5:36:05,7/3/2014 5:37:20,,,,,,
Antarc01EI,jst_bw453,BW29,Clicks,7/3/2014 6:33:17,7/3/2014 6:34:32,,,,,,
Antarc01EI,jst_bw454,BW29,Clicks,7/3/2014 6:35:45,7/3/2014 6:58:09,,,,,,
Antarc01EI,jst_bw455,BW29,Clicks,7/3/2014 6:59:21,7/3/2014 7:00:36,,,,,,
Antarc01EI,jst_bw456,BW29,Clicks,7/3/2014 8:42:34,7/3/2014 8:45:04,,,,,,
Antarc01EI,jst_bw457,BW29,Clicks,7/3/2014 9:47:10,7/3/2014 9:48:25,,,,,,
Antarc01EI,jst_bw458,BW29,Clicks,7/3/2014 9:49:40,7/3/2014 9:53:25,,,,,,
Antarc01EI,jst_bw459,BW29,Clicks,7/3/2014 10:10:48,7/3/2014 10:12:03,,,,,,
Antarc01EI,jst_bw460,BW29,Clicks,7/3/2014 12:41:12,7/3/2014 12:42:27,,,,,,
Antarc01EI,jst_bw461,BW29,Clicks,7/3/2014 13:29:43,7/3/2014 13:30:58,,,,,,
Antarc01EI,jst_bw462,BW29,Clicks,7/3/2014 18:09:26,7/3/2014 18:10:41,,,,,,
Antarc01EI,Nposdaljian,Pm,regular-click,7/3/2014 19:14:19,7/3/2014 19:14:36,,,,,,
Antarc01EI,Nposdaljian,Pm,regular-click,7/3/2014 21:38:37,7/3/2014 21:38:57,,,,,,
Antarc01EI,jst_bw463,BW29,Clicks,7/3/2014 21:44:30,7/3/2014 21:45:45,,,,,,
Antarc01EI,jst_bw464,BW29,Clicks,7/3/2014 21:47:00,7/3/2014 22:03:09,,,,,,
Antarc01EI,jst_bw465,BW29,Clicks,7/3/2014 22:05:39,7/3/2014 22:06:54,,,,,,
Antarc01EI,jst_bw466,BW29,Clicks,7/3/2014 22:08:07,7/3/2014 22:09:22,,,,,,
Antarc01EI,jst_bw467,BW29,Clicks,7/3/2014 22:13:05,7/3/2014 22:14:20,,,,,,
Antarc01EI,jst_bw468,BW29,Clicks,7/3/2014 22:15:35,7/3/2014 22:16:50,,,,,,
Antarc01EI,jst_bw469,BW29,Clicks,7/3/2014 23:36:24,7/3/2014 23:37:39,,,,,,
Antarc01EI,jst_bw470,BW29,Clicks,7/3/2014 23:38:54,7/3/2014 23:40:09,,,,,,
Antarc01EI,jst_bw471,BW29,Clicks,7/3/2014 23:42:37,7/3/2014 23:43:52,,,,,,
byteswapped,Msaddler,Gm,Clicks,7/3/2014 23:51:30,7/3/2014 23:52:26,37.89,95.79,170.00,44.09,33,
Antarc01EI,jst_bw473,BW29,Clicks,7/4/2014 0:47:17,7/4/2014 0:49:45,,,,,,
Antarc01EI,jst_bw474,BW29,Clicks,7/4/2014 0:52:15,7/4/2014 0:54:45,,,,,,
Antarc01EI,jst_bw475,BW29,Clicks,7/4/2014 0:55:58,7/4/2014 0:57:13,,,,,,
Antarc01EI,jst_bw476,BW29,Clicks,7/4/2014 0:59:43,7/4/2014 1:00:58,,,,,,
Antarc01EI,jst_bw477,BW29,Clicks,7/4/2014 1:20:48,7/4/2014 1:35:44,,,,,,
Antarc01EI,jst_bw478,BW29,Clicks,7/4/2014 2:01:51,7/4/2014 2:08:04,,,,,,
Antarc01EI,jst_bw479,BW29,Clicks,7/4/2014 2:10:32,7/4/2014 2:32:56,,,,,,
Antarc01EI,jst_bw480,BW29,Clicks,7/4/2014 2:34:09,7/4/2014 2:35:24,,,,,,
Antarc01EI,jst_bw481,BW29,Clicks,7/4/2014 2:36:39,7/4/2014 2:40:24,,,,,,
Antarc01EI,jst_bw482,BW29,Clicks,7/4/2014 2:42:51,7/4/2014 2:44:06,,,,,,
Antarc01EI,jst_bw483,BW29,Clicks,7/4/2014 3:30:04,7/4/2014 3:36:19,,,,,,
Antarc01EI,jst_bw484,BW29,Clicks,7/4/2014 4:35:59,7/4/2014 4:37:14,,,,,,
Antarc01EI,jst_bw485,BW29,Clicks,7/4/2014 4:48:25,7/4/2014 4:52:08,,,,,,
Antarc01EI,jst_bw486,BW29,Clicks,7/4/2014 5:03:19,7/4/2014 5:08:19,,,,,,
Antarc01EI,jst_bw487,BW29,Clicks,7/4/2014 5:09:32,7/4/2014 5:14:32,,,,,,
Antarc01EI,jst_bw488,BW29,Clicks,7/4/2014 5:20:45,7/4/2014 5:22:00,,,,,,
Antarc01EI,jst_bw489,BW29,Clicks,7/4/2014 7:03:55,7/4/2014 7:06:25,,,,,,
Antarc01EI,jst_bw490,BW29,Clicks,7/4/2014 7:07:38,7/4/2014 7:08:53,,,,,,
Antarc01EI,jst_bw491,BW29,Clicks,7/4/2014 7:11:23,7/4/2014 7:12:38,,,,,,
Antarc01EI,jst_bw492,BW29,Clicks,7/4/2014 7:15:05,7/4/2014 7:16:20,,,,,,
Antarc01EI,jst_bw493,BW29,Clicks,7/4/2014 7:18:50,7/4/2014 7:23:48,,,,,,
Antarc01EI,jst_bw494,BW29,Clicks,7/4/2014 8:20:59,7/4/2014 8:35:52,,,,,,
Antarc01EI,jst_bw495,BW29,Clicks,7/4/2014 8:39:37,7/4/2014 8:43:20,,,,,,
Antarc01EI,jst_bw496,BW29,Clicks,7/4/2014 8:45:50,7/4/2014 8:48:18,,,,,,
byteswapped,Msaddler,Gm,Clicks,7/4/2014 9:53:03,7/4/2014 10:23:57,37.11,90.60,284.00,43.93,3286,
Antarc01EI,jst_bw497,BW29,Clicks,7/4/2014 10:07:51,7/4/2014 10:09:06,,,,,,
Antarc01EI,jst_bw498,BW29,Clicks,7/4/2014 10:12:51,7/4/2014 10:14:06,,,,,,
byteswapped,Msaddler,Gm,Clicks,7/4/2014 11:13:16,7/4/2014 11:18:32,37.11,102.52,213.00,44.32,258,
Antarc01EI,Nposdaljian,Pm,regular-click,7/4/2014 19:32:04,7/4/2014 19:32:09,,,,,,
Antarc01EI,Nposdaljian,Pm,regular-click,7/4/2014 23:02:58,7/4/2014 23:03:00,,,,,,
Antarc01EI,Nposdaljian,Pm,regular-click,7/4/2014 23:31:10,7/4/2014 23:36:54,,,,,,
Antarc01EI,Nposdaljian,Pm,regular-click,7/5/2014 0:04:43,7/5/2014 0:04:52,,,,,,
Antarc01EI,Nposdaljian,Pm,regular-click,7/5/2014 0:30:55,7/5/2014 0:42:52,,,,,,
Antarc01EI,jst_bw499,BW29,Clicks,7/5/2014 6:48:32,7/5/2014 6:49:47,,,,,,
Antarc01EI,jst_bw500,BW29,Clicks,7/5/2014 8:42:54,7/5/2014 8:46:39,,,,,,
Antarc01EI,jst_bw501,BW29,Clicks,7/5/2014 8:47:54,7/5/2014 8:50:22,,,,,,
byteswapped,Msaddler,Gm,Clicks,7/5/2014 9:20:18,7/5/2014 10:01:44,36.72,61.90,250.00,44.41,5191,
byteswapped,Msaddler,Gm,Clicks,7/5/2014 10:52:50,7/5/2014 10:58:05,37.89,97.05,245.00,46.78,746,
Antarc01EI,jst_bw506,BW29,Clicks,7/6/2014 4:12:50,7/6/2014 4:21:33,,,,,,
Antarc01EI,jst_bw507,BW29,Clicks,7/6/2014 5:52:18,7/6/2014 5:56:03,,,,,,
byteswapped,Msaddler,Gm,Clicks,7/6/2014 8:30:57,7/6/2014 8:36:55,36.72,101.54,270.00,45.05,419,
Antarc01EI,jst_bw509,BW29,Clicks,7/6/2014 9:36:05,7/6/2014 9:41:05,,,,,,
Antarc01EI,jst_bw510,BW29,Clicks,7/6/2014 10:32:02,7/6/2014 10:38:15,,,,,,
Antarc01EI,jst_bw511,BW29,Clicks,7/6/2014 10:39:30,7/6/2014 10:46:58,,,,,,
Antarc01EI,jst_bw512,BW29,Clicks,7/6/2014 10:48:13,7/6/2014 10:55:41,,,,,,
Antarc01EI,jst_bw513,BW29,Clicks,7/6/2014 11:31:44,7/6/2014 11:32:59,,,,,,
Antarc01EI,jst_bw514,BW29,Clicks,7/6/2014 13:28:36,7/6/2014 13:33:34,,,,,,
Antarc01EI,jst_bw515,BW29,Clicks,7/6/2014 13:34:49,7/6/2014 13:36:04,,,,,,
Antarc01EI,jst_bw516,BW29,Clicks,7/6/2014 13:39:47,7/6/2014 13:42:17,,,,,,
Antarc01EI,jst_bw517,BW29,Clicks,7/6/2014 14:03:24,7/6/2014 14:04:39,,,,,,
Antarc01EI,Nposdaljian,Pm,regular-click,7/6/2014 15:34:50,7/6/2014 15:34:54,,,,,,
Antarc01EI,Nposdaljian,Pm,regular-click,7/6/2014 16:38:33,7/6/2014 16:38:48,,,,,,
Antarc01EI,jst_bw518,BW29,Clicks,7/6/2014 18:45:39,7/6/2014 18:46:54,,,,,,
Antarc01EI,jst_bw519,BW29,Clicks,7/6/2014 18:51:52,7/6/2014 18:55:35,,,,,,
byteswapped,Msaddler,Gm,Clicks,7/6/2014 20:18:22,7/6/2014 20:52:51,37.11,97.05,255.00,44.06,1819,
byteswapped,Msaddler,Gm,Clicks,7/6/2014 21:54:40,7/6/2014 21:55:20,38.48,66.31,267.50,46.80,16,
Antarc01EI,jst_bw521,BW29,Clicks,7/6/2014 22:10:47,7/6/2014 22:12:02,,,,,,
byteswapped,Msaddler,Gm,Clicks,7/6/2014 23:01:52,7/6/2014 23:02:41,35.74,113.08,207.50,42.39,8,
Antarc01EI,jst_bw522,BW29,Clicks,7/7/2014 0:37:28,7/7/2014 0:43:41,,,,,,
Antarc01EI,jst_bw523,BW29,Clicks,7/7/2014 0:47:26,7/7/2014 0:49:54,,,,,,
Antarc01EI,jst_bw524,BW29,Clicks,7/7/2014 0:52:24,7/7/2014 0:56:07,,,,,,
Antarc01EI,jst_bw525,BW29,Clicks,7/7/2014 0:58:37,7/7/2014 1:19:46,,,,,,
Antarc01EI,jst_bw526,BW29,Clicks,7/7/2014 2:54:14,7/7/2014 2:55:29,,,,,,
Antarc01EI,jst_bw527,BW29,Clicks,7/7/2014 6:45:26,7/7/2014 6:46:41,,,,,,
Antarc01EI,jst_bw528,BW37,Clicks,7/7/2014 9:14:36,7/7/2014 9:17:06,,,,,,
byteswapped,Msaddler,Gm,Clicks,7/7/2014 23:30:04,7/7/2014 23:33:15,38.48,99.27,147.50,45.85,30,
byteswapped,Msaddler,Gm,Clicks,7/8/2014 2:34:10,7/8/2014 2:51:17,37.89,82.04,299.00,44.26,1927,
byteswapped,Msaddler,Gm,Clicks,7/8/2014 6:12:47,7/8/2014 6:48:41,37.11,71.98,249.00,44.65,5306,
byteswapped,Msaddler,Gm,Clicks,7/8/2014 19:59:30,7/8/2014 20:01:32,36.33,149.77,315.00,41.41,89,
byteswapped,Msaddler,Gm,Clicks,7/8/2014 20:37:00,7/8/2014 20:51:31,37.50,84.91,284.50,44.28,3896,
byteswapped,Msaddler,Gm,Clicks,7/8/2014 21:17:49,7/8/2014 21:22:28,37.50,94.19,337.00,43.68,204,
byteswapped,Msaddler,Gm,Clicks,7/8/2014 21:47:40,7/8/2014 22:03:43,37.11,100.65,295.00,44.75,1497,
byteswapped,Msaddler,Gm,Clicks,7/8/2014 22:20:13,7/8/2014 22:30:48,36.72,97.82,260.50,43.68,164,
byteswapped,Msaddler,Gm,Clicks,7/8/2014 23:11:06,7/8/2014 23:33:36,37.89,60.59,280.00,45.59,8921,
byteswapped,Msaddler,Gm,Clicks,7/9/2014 0:21:26,7/9/2014 0:39:22,37.50,79.36,290.00,44.43,5328,
byteswapped,Msaddler,Gm,Clicks,7/9/2014 1:25:53,7/9/2014 2:11:51,37.50,85.24,315.00,43.78,7459,
Antarc01EI,Nposdaljian,Pm,regular-click,7/9/2014 3:32:39,7/9/2014 3:32:42,,,,,,
Antarc01EI,Nposdaljian,Pm,regular-click,7/9/2014 4:23:43,7/9/2014 4:36:09,,,,,,
Antarc01EI,Nposdaljian,Pm,regular-click,7/9/2014 4:58:28,7/9/2014 5:08:22,,,,,,
Antarc01EI,Nposdaljian,Pm,regular-click,7/9/2014 5:23:49,7/9/2014 5:41:10,,,,,,
Antarc01EI,Nposdaljian,Pm,regular-click,7/9/2014 5:58:22,7/9/2014 6:02:10,,,,,,
byteswapped,Msaddler,Gm,Clicks,7/9/2014 20:01:52,7/9/2014 20:23:48,38.28,62.80,335.00,44.04,1197,
byteswapped,Msaddler,Gm,Clicks,7/9/2014 22:50:57,7/9/2014 23:33:58,37.50,103.59,350.00,43.83,1309,
byteswapped,Msaddler,Gm,Clicks,7/10/2014 1:19:58,7/10/2014 1:27:53,37.11,102.35,260.00,43.81,136,
byteswapped,Msaddler,Gm,Clicks,7/10/2014 1:50:19,7/10/2014 2:10:38,36.91,111.44,315.00,43.09,102,
byteswapped,Msaddler,Gm,Clicks,7/10/2014 2:30:05,7/10/2014 2:40:34,35.94,89.04,297.50,43.16,50,
byteswapped,Msaddler,Gm,Clicks,7/10/2014 2:57:13,7/10/2014 2:59:07,36.72,92.43,360.00,42.11,33,
byteswapped,Msaddler,Gm,Clicks,7/10/2014 4:03:25,7/10/2014 4:26:13,37.50,97.72,320.00,43.33,4098,
Antarc01EI,jst_bw556,BW29,Clicks,7/10/2014 4:47:29,7/10/2014 4:48:44,,,,,,
byteswapped,Msaddler,Gm,Clicks,7/10/2014 19:37:51,7/10/2014 19:47:38,37.11,83.53,275.00,44.08,3728,
byteswapped,Msaddler,Gm,Clicks,7/10/2014 20:03:27,7/10/2014 20:32:12,37.89,75.27,255.00,45.19,5854,
Antarc01EI,jst_bw557,BW29,Clicks,7/10/2014 23:50:04,7/10/2014 23:51:19,,,,,,
Antarc01EI,jst_bw558,BW29,Clicks,7/11/2014 0:00:02,7/11/2014 0:01:17,,,,,,
byteswapped,Msaddler,Gm,Clicks,7/11/2014 0:00:07,7/11/2014 0:39:32,37.50,77.40,310.00,44.37,8870,
Antarc01EI,jst_bw564,BW29,Clicks,7/11/2014 2:29:14,7/11/2014 2:30:29,,,,,,
Antarc01EI,jst_bw565,BW29,Clicks,7/11/2014 2:42:53,7/11/2014 2:45:23,,,,,,
Antarc01EI,jst_bw566,BW29,Clicks,7/11/2014 2:46:38,7/11/2014 2:50:21,,,,,,
byteswapped,Msaddler,Gm,Clicks,7/11/2014 3:13:03,7/11/2014 3:33:28,36.33,102.87,320.00,43.32,843,
byteswapped,Msaddler,Gm,Clicks,7/11/2014 4:52:51,7/11/2014 4:53:23,36.33,63.68,325.00,42.60,32,
byteswapped,Msaddler,Gm,Clicks,7/11/2014 5:14:45,7/11/2014 5:28:10,37.50,62.85,280.00,44.58,6610,
Antarc01EI,jst_bw569,BW29,Clicks,7/11/2014 11:02:43,7/11/2014 11:03:58,,,,,,
Antarc01EI,jst_bw570,BW29,Clicks,7/11/2014 11:12:39,7/11/2014 11:35:03,,,,,,
Antarc01EI,jst_bw571,BW29,Clicks,7/11/2014 11:37:31,7/11/2014 11:38:46,,,,,,
Antarc01EI,jst_bw572,BW29,Clicks,7/11/2014 11:40:01,7/11/2014 11:41:16,,,,,,
Antarc01EI,jst_bw573,BW29,Clicks,7/11/2014 11:42:31,7/11/2014 11:43:46,,,,,,
Antarc01EI,jst_bw574,BW29,Clicks,7/11/2014 15:23:49,7/11/2014 15:25:04,,,,,,
Antarc01EI,jst_bw575,BW29,Clicks,7/11/2014 15:26:19,7/11/2014 15:40:00,,,,,,
Antarc01EI,jst_bw576,BW29,Clicks,7/11/2014 15:42:28,7/11/2014 15:44:58,,,,,,
Antarc01EI,jst_bw577,BW29,Clicks,7/11/2014 15:47:26,7/11/2014 15:48:41,,,,,,
Antarc01EI,jst_bw578,BW29,Clicks,7/11/2014 15:49:56,7/11/2014 15:52:26,,,,,,
Antarc01EI,jst_bw579,BW29,Clicks,7/11/2014 21:18:10,7/11/2014 21:23:08,,,,,,
byteswapped,Msaddler,Gm,Clicks,7/11/2014 22:35:11,7/11/2014 22:39:20,37.50,90.77,331.00,44.51,850,
Antarc01EI,jst_bw581,BW29,Clicks,7/12/2014 0:33:23,7/12/2014 0:34:38,,,,,,
byteswapped,Msaddler,Gm,Clicks,7/12/2014 3:31:10,7/12/2014 3:35:58,38.28,100.46,284.50,45.45,668,
Antarc01EI,Nposdaljian,Pm,regular-click,7/12/2014 3:33:15,7/12/2014 3:33:16,,,,,,
byteswapped,Msaddler,Gm,Clicks,7/12/2014 8:58:11,7/12/2014 9:05:34,37.11,142.86,290.00,42.74,203,
Antarc01EI,jst_bw582,BW29,Clicks,7/12/2014 10:15:14,7/12/2014 10:16:29,,,,,,
Antarc01EI,jst_bw583,BW29,Clicks,7/12/2014 10:27:40,7/12/2014 10:28:55,,,,,,
Antarc01EI,jst_bw584,BW29,Clicks,7/12/2014 14:38:50,7/12/2014 14:40:05,,,,,,
Antarc01EI,jst_bw585,BW29,Clicks,7/12/2014 15:04:55,7/12/2014 15:07:25,,,,,,
Antarc01EI,jst_bw586,BW29,Clicks,7/12/2014 15:09:55,7/12/2014 15:18:36,,,,,,
Antarc01EI,jst_bw587,BW29,Clicks,7/12/2014 18:51:13,7/12/2014 18:52:28,,,,,,
Antarc01EI,jst_bw588,BW29,Clicks,7/12/2014 20:34:24,7/12/2014 20:36:54,,,,,,
Antarc01EI,jst_bw589,BW29,Clicks,7/12/2014 20:54:18,7/12/2014 20:56:48,,,,,,
Antarc01EI,jst_bw590,BW29,Clicks,7/12/2014 20:59:16,7/12/2014 21:07:59,,,,,,
Antarc01EI,jst_bw591,BW29,Clicks,7/12/2014 21:12:57,7/12/2014 21:15:27,,,,,,
Antarc01EI,jst_bw592,BW29,Clicks,7/12/2014 21:17:55,7/12/2014 21:22:55,,,,,,
Antarc01EI,jst_bw593,BW29,Clicks,7/12/2014 21:24:08,7/12/2014 21:26:38,,,,,,
byteswapped,Msaddler,Gm,Clicks,7/12/2014 23:38:12,7/12/2014 23:44:21,37.50,117.88,300.00,43.88,247,
Antarc01EI,jst_bw594,BW29,Clicks,7/13/2014 3:06:02,7/13/2014 3:07:17,,,,,,
Antarc01EI,jst_bw595,BW29,Clicks,7/13/2014 3:12:15,7/13/2014 3:13:30,,,,,,
Antarc01EI,jst_bw596,BW29,Clicks,7/13/2014 3:16:00,7/13/2014 3:18:30,,,,,,
Antarc01EI,jst_bw597,BW29,Clicks,7/13/2014 3:39:37,7/13/2014 3:40:52,,,,,,
byteswapped,Msaddler,Gm,Clicks,7/13/2014 3:57:03,7/13/2014 4:35:33,36.72,142.15,250.00,44.49,873,
Antarc01EI,Nposdaljian,Pm,regular-click,7/13/2014 4:33:39,7/13/2014 4:33:42,,,,,,
byteswapped,Msaddler,Gm,Clicks,7/13/2014 5:23:00,7/13/2014 5:23:30,35.16,129.51,150.00,48.57,11,
byteswapped,Msaddler,Gm,Clicks,7/14/2014 5:03:48,7/14/2014 5:22:24,37.50,108.01,325.00,43.35,684,
byteswapped,Msaddler,Gm,Clicks,7/14/2014 8:04:51,7/14/2014 8:27:09,36.72,123.29,286.00,43.46,2137,
Antarc01EI,jst_bw605,BW29,Clicks,7/14/2014 13:12:21,7/14/2014 13:14:51,,,,,,
Antarc01EI,jst_bw606,BW29,Clicks,7/14/2014 13:16:03,7/14/2014 13:35:54,,,,,,
Antarc01EI,jst_bw607,BW37,Clicks,7/14/2014 20:49:55,7/14/2014 20:52:25,,,,,,
Antarc01EI,Nposdaljian,Pm,regular-click,7/15/2014 4:18:21,7/15/2014 4:18:21,,,,,,
Antarc01EI,Nposdaljian,Pm,regular-click,7/15/2014 4:43:26,7/15/2014 4:50:30,,,,,,
Antarc01EI,Nposdaljian,Pm,regular-click,7/15/2014 5:26:58,7/15/2014 5:27:12,,,,,,
Antarc01EI,Nposdaljian,Pm,regular-click,7/15/2014 5:57:22,7/15/2014 6:04:38,,,,,,
Antarc01EI,jst_bw608,BW29,Clicks,7/15/2014 7:38:09,7/15/2014 7:39:24,,,,,,
Antarc01EI,jst_bw609,BW29,Clicks,7/15/2014 7:44:21,7/15/2014 7:45:36,,,,,,
Antarc01EI,jst_bw610,BW29,Clicks,7/15/2014 7:46:49,7/15/2014 7:49:19,,,,,,
Antarc01EI,jst_bw611,BW29,Clicks,7/15/2014 12:41:11,7/15/2014 12:42:26,,,,,,
Antarc01EI,jst_bw612,BW29,Clicks,7/15/2014 12:56:05,7/15/2014 12:57:20,,,,,,
Antarc01EI,jst_bw613,BW29,Clicks,7/15/2014 12:59:48,7/15/2014 13:01:03,,,,,,
Antarc01EI,jst_bw614,BW29,Clicks,7/15/2014 13:02:18,7/15/2014 13:03:33,,,,,,
Antarc01EI,jst_bw615,BW29,Clicks,7/15/2014 14:20:31,7/15/2014 14:21:46,,,,,,
Antarc01EI,jst_bw616,BW29,Clicks,7/15/2014 14:40:24,7/15/2014 14:41:39,,,,,,
byteswapped,Msaddler,Gm,Clicks,7/15/2014 23:29:22,7/15/2014 23:50:27,36.72,112.27,245.00,45.02,1149,
byteswapped,Msaddler,Gm,Clicks,7/16/2014 0:01:36,7/16/2014 0:22:44,33.59,133.22,185.00,42.22,67,
byteswapped,Msaddler,Gm,Clicks,7/16/2014 0:50:04,7/16/2014 1:09:56,36.72,82.12,229.00,44.33,2822,
byteswapped,Msaddler,Gm,Clicks,7/16/2014 2:18:12,7/16/2014 2:38:03,38.28,81.72,176.00,45.14,693,
byteswapped,Msaddler,Gm,Clicks,7/16/2014 3:04:09,7/16/2014 3:09:06,38.28,81.55,190.00,47.10,1117,
byteswapped,Msaddler,Gm,Clicks,7/16/2014 3:22:46,7/16/2014 3:57:33,37.89,63.74,250.00,46.01,6894,
byteswapped,Msaddler,Gm,Clicks,7/16/2014 4:16:09,7/16/2014 4:26:07,38.67,72.97,260.50,47.20,932,
byteswapped,Msaddler,Gm,Clicks,7/16/2014 4:55:54,7/16/2014 5:10:48,38.28,55.34,245.00,46.71,7016,
byteswapped,Msaddler,Gm,Clicks,7/16/2014 5:49:16,7/16/2014 6:00:28,37.89,71.55,289.50,44.33,2682,
byteswapped,Msaddler,Gm,Clicks,7/16/2014 7:41:05,7/16/2014 7:54:45,36.72,134.93,170.50,44.31,132,
byteswapped,Msaddler,Gm,Clicks,7/16/2014 9:16:43,7/16/2014 9:25:26,37.50,142.21,255.00,46.67,132,
byteswapped,Msaddler,Gm,Clicks,7/16/2014 20:00:02,7/16/2014 20:06:17,39.26,85.87,290.00,45.50,974,
byteswapped,Msaddler,Gm,Clicks,7/16/2014 22:12:53,7/16/2014 22:38:57,36.33,119.98,235.00,43.62,1859,
byteswapped,Msaddler,Gm,Clicks,7/16/2014 23:16:11,7/16/2014 23:36:02,36.72,104.44,280.00,44.15,3549,
Antarc01EI,jst_bw626,BW37,Clicks,7/17/2014 3:20:49,7/17/2014 3:22:04,,,,,,
Antarc01EI,jst_bw627,BW37,Clicks,7/17/2014 3:24:34,7/17/2014 3:27:04,,,,,,
Antarc01EI,jst_bw628,BW29,Clicks,7/17/2014 3:59:19,7/17/2014 4:00:34,,,,,,
byteswapped,Msaddler,Gm,Clicks,7/17/2014 5:05:09,7/17/2014 5:31:16,37.11,97.92,262.50,44.21,2400,
Antarc01EI,jst_bw630,BW29,Clicks,7/17/2014 5:13:50,7/17/2014 5:15:05,,,,,,
byteswapped,Msaddler,Gm,Clicks,7/17/2014 6:56:58,7/17/2014 6:58:13,33.59,111.31,190.50,41.54,26,
Antarc01EI,jst_bw631,BW29,Clicks,7/17/2014 10:54:16,7/17/2014 10:55:31,,,,,,